<?xml version="1.0" encoding="UTF-8"?>
<!DOCTYPE MBeanType SYSTEM "commodoc.dtd">
<?xml-stylesheet alternate="yes" href="commodoc.css" type="text/css"?>
<MBeanType Name="OracleIdentityCloudIntegrator"
           Package="weblogic.security.providers.authentication">
  <Description>
    <Lead>
      <p>This MBean specifies configuration attributes for the Oracle Identity Cloud Integrator provider.
              This provider supports simple authentication with the Oracle Identity Cloud Service and perimeter authentication (identity assertion) using Oracle Identity Cloud Service tokens.</p>
    </Lead>
  </Description>

  <MBeanAttribute Name="ProviderClassName">
    <Description>
      <Lead>
        <p>The name of the Java class used to load the Oracle Identity Cloud Integrator provider.</p>
      </Lead>
    </Description>
  </MBeanAttribute>

  <MBeanAttribute Name="Description">
    <Description>
      <Lead>
        <p>A short description of the Oracle Identity Cloud Integrator provider.</p>
      </Lead>
    </Description>
  </MBeanAttribute>

  <MBeanAttribute Name="Version">
    <Description>
      <Lead>
        <p>The version number of the Oracle Identity Cloud Integrator provider.</p>
      </Lead>
    </Description>
  </MBeanAttribute>

  <MBeanAttribute Name="Host">
    <Description>
      <Lead>
        <p>The host name used to connect to the Oracle Identity Cloud Service.</p>
      </Lead>
    </Description>
  </MBeanAttribute>

  <MBeanAttribute Name="Port">
    <Description>
      <Lead>
        <p>The port number used to connect to the Oracle Identity Cloud Service.</p>
      </Lead>
    </Description>
  </MBeanAttribute>

  <MBeanAttribute Name="SSLEnabled">
    <Description>
      <Lead>
        <p>Specifies whether the TLS/SSL protocol is used when connecting to the Oracle Identity Cloud Service.</p>
      </Lead>
    </Description>
  </MBeanAttribute>

  <MBeanAttribute Name="ConnectTimeout">
    <Description>
      <Lead>
        <p>The maximum time to wait, in seconds, for the connection to the Oracle Identity Cloud Service to be established.</p>
      </Lead>
    </Description>
  </MBeanAttribute>

  <MBeanAttribute Name="ResponseReadTimeout">
    <Description>
      <Lead>
        <p>The maximum time to wait, in seconds, for a response from the Oracle Identity Cloud Service.</p>
      </Lead>
    </Description>
  </MBeanAttribute>

  <MBeanAttribute Name="Tenant">
    <Description>
      <Lead>
        <p>The name of the primary tenant where users and groups reside from the Oracle Identity Cloud Service.
           When the primary tenant is not configured, the user authentication processing must identify the tenant name.</p>
      </Lead>
    </Description>
  </MBeanAttribute>

  <MBeanAttribute Name="TenantNames">
    <Description>
      <Lead>
        <p>The list of allowable tenant names consumed from the Oracle Identity Cloud Service.
           When no tenant names are configured, any tenant from the Oracle Identity Cloud Service is accessible.</p>
      </Lead>
    </Description>
  </MBeanAttribute>

  <MBeanAttribute Name="BasePath">
    <Description>
      <Lead>
        <p>The URI base path used for the connection to the Oracle Identity Cloud Service.</p>
      </Lead>
    </Description>
  </MBeanAttribute>

  <MBeanAttribute Name="TenantHeaderNames">
    <Description>
      <Lead>
        <p>The names of HTTP headers sent on requests to the Oracle Identity Cloud Service that are used to determine the tenancy during authentication.</p>
      </Lead>
    </Description>
  </MBeanAttribute>

  <MBeanAttribute Name="SupportedTypes">
    <Description>
      <Lead>
        <p>The types of tokens supported by the Oracle Identity Cloud Integrator provider.</p>
      </Lead>
    </Description>
  </MBeanAttribute>

  <MBeanAttribute Name="ActiveTypes">
    <Description>
      <Lead>
        <p>The token types that are currently active.</p>
      </Lead>
    </Description>
  </MBeanAttribute>

  <MBeanAttribute Name="Base64DecodingRequired">
    <Description>
      <Lead>
        <p>Specifies whether the tokens that are passed to the Oracle Identity Cloud Integrator provider for identity assertion are base 64 decoded first. This setting is defined by the Oracle Identity Cloud Integrator provider based on the supported tokens.</p>
      </Lead>
    </Description>
  </MBeanAttribute>

  <MBeanAttribute Name="TokenSecureTransportRequired">
    <Description>
      <Lead>
        <p>Determines whether the Oracle Identity Cloud Integrator provider checks for a secure transport connection before accepting active token types.
           When enabled and a secure transport connection cannot be determined, tokens are not accepted for identity assertion.</p>
      </Lead>
    </Description>
  </MBeanAttribute>

  <MBeanAttribute Name="TokenVirtualUserAllowed">
    <Description>
      <Lead>
        <p>Determines whether to allow identity assertion to authenticate WebLogic Server users who are not represented in the security store.</p>
      </Lead>
    </Description>
  </MBeanAttribute>

  <MBeanAttribute Name="TokenValidationLevel">
    <Description>
      <Lead>
        <p>The level of validation performed on Oracle Identity Cloud Service tokens passed to the Identity Asserter. Valid values
          are <code>FULL</code>, <code>NORMAL</code>, <code>SIGNATURE</code> and <code>NONE</code>.</p>
      </Lead>
    </Description>
  </MBeanAttribute>

  <MBeanAttribute Name="Issuer">
    <Description>
      <Lead>
        <p>An override for the token issuer value used during validation.
           The issuer is normally obtained from the Oracle Identity Cloud Service Discovery Metadata.
           When configured, the issuer value is used for all tenants.</p>
      </Lead>
    </Description>
  </MBeanAttribute>

  <MBeanAttribute Name="JSONWebKeySetURI">
    <Description>
      <Lead>
        <p>An override for the JSON Web Key Set location (jwks_uri) used during validation of tokens.
           A file location can be specified to load keys from the local environment.
           The location of the keys is normally obtained from the Oracle Identity Cloud Service Discovery Metadata.
           When configured, the URI is used for all tenants.</p>
      </Lead>
    </Description>
  </MBeanAttribute>

  <MBeanAttribute Name="TokenClockSkew">
    <Description>
      <Lead>
        <p>The allowable variance, in seconds, for the token Expiration, Issued At, and Not Before attributes.</p>
      </Lead>
    </Description>
  </MBeanAttribute>

  <MBeanAttribute Name="ClientTenant">
    <Description>
      <Lead>
        <p>The tenant in which the Client Id resides from the Oracle Identity Cloud Service.
           When no client tenant name is configured, the tenant configured for the provider is used.</p>
      </Lead>
    </Description>
  </MBeanAttribute>

  <MBeanAttribute Name="ClientId">
    <Description>
      <Lead>
        <p>The Client Id used when retrieving tokens from the Oracle Identity Cloud Service.</p>
      </Lead>
    </Description>
  </MBeanAttribute>

  <MBeanAttribute Name="ClientSecret">
    <Description>
      <Lead>
        <p>The Client secret used when retrieving tokens from the Oracle Identity Cloud Service.</p>
      </Lead>
    </Description>
  </MBeanAttribute>

  <MBeanAttribute Name="AccessTokenTimeoutWindow">
    <Description>
      <Lead>
        <p>The number of seconds before an access token times out that a new access token is requested.
           Adjusting the timeout window impacts how long access tokens are cached for reuse before
           an updated access token is requested from the authorization server.</p>
      </Lead>
    </Description>
  </MBeanAttribute>

  <MBeanAttribute Name="SignaturePreferX509Certificate">
    <Description>
      <Lead>
        <p>If the optional X.509 certificate chain ("x5c claim") is available from the JSON Web Key Set, this attribute specifies whether the public key obtained from the X.509 certificate in the supplied chain is used during the verification of the token signature.</p>
      </Lead>
    </Description>
  </MBeanAttribute>

  <MBeanAttribute Name="UserNameTokenClaim">
    <Description>
      <Lead>
        <p>Used to get the user name from the token. Corresponds to the SCIM User name resource type
        attribute. If not set, the subject ("sub claim") is used.</p>
      </Lead>
    </Description>
  </MBeanAttribute>

  <MBeanAttribute Name="UserIDTokenClaim">
    <Description>
      <Lead>
        <p>Used to get the user ID (GUID) from the token. Corresponds to the SCIM User ID resource type
        attribute.</p>
      </Lead>
    </Description>
  </MBeanAttribute>

  <MBeanAttribute Name="GroupsTokenClaim">
    <Description>
      <Lead>
        <p>Used to get groups from the token.</p>
      </Lead>
    </Description>
  </MBeanAttribute>

  <MBeanAttribute Name="TenantTokenClaim">
    <Description>
      <Lead>
        <p>Used to get the Identity Domain from the token.</p>
      </Lead>
    </Description>
  </MBeanAttribute>

  <MBeanAttribute Name="AppRolesTokenClaim">
    <Description>
      <Lead>
        <p>Used to get AppRoles from the token.</p>
      </Lead>
    </Description>
  </MBeanAttribute>

  <MBeanAttribute Name="UserAuthenticationAssertionAttribute">
    <Description>
      <Lead>
        <p>Used for User Authentication and Assertion. The default value
        results in the use of the attribute configured by the Oracle Identity Cloud Service.</p>
      </Lead>
    </Description>
  </MBeanAttribute>

  <MBeanAttribute Name="UserNameResourceAttribute">
    <Description>
      <Lead>
        <p>SCIM User resource type attribute that specifies the name of the
        user.</p>
      </Lead>
    </Description>
  </MBeanAttribute>

  <MBeanAttribute Name="UserIDResourceAttribute">
    <Description>
      <Lead>
        <p>SCIM User resource type attribute that specifies the ID (GUID) of the
        user.</p>
      </Lead>
    </Description>
  </MBeanAttribute>

  <MBeanAttribute Name="ClientIDResourceAttribute">
    <Description>
      <Lead>
        <p>Used for Client ID App Assertion. The default value
           results in the use of the attribute configured by the Oracle Identity Cloud Service.</p>
      </Lead>
    </Description>
  </MBeanAttribute>

  <MBeanAttribute Name="CacheEnabled">
    <Description>
      <Lead>
        <p>Specifies whether to cache the Oracle Identity Cloud Service user's information.</p>
      </Lead>
    </Description> 
  </MBeanAttribute>

  <MBeanAttribute Name="CacheSize">
    <Description>
      <Lead>
        <p>Specifies the maximum number of entries to cache.</p>
      </Lead>
    </Description>
  </MBeanAttribute>

  <MBeanAttribute Name="CacheTTL">
    <Description>
      <Lead>
        <p>The time-to-live (TTL) of the Oracle Identity Cloud Service user cache, in seconds.</p>
      </Lead>
    </Description>
  </MBeanAttribute>

  <MBeanAttribute Name="TokenCacheEnabled">
    <Description>
      <Lead>
        <p>Specifies whether to cache Oracle Identity Cloud Service tokens after successful validation of the token.</p>
      </Lead>
    </Description> 
  </MBeanAttribute>

  <MBeanAttribute Name="TenantHostNameTemplate">
    <Description>
      <Lead>
        <p>The tenant-based host name, in Fully Qualified Domain name (FQDN) format, comprised of a tenant name and a host name.
        This attribute contains the tokens, such as {%tenant}.{%host}, that are replaced with the actual values.
        </p>
      </Lead>
    </Description>
  </MBeanAttribute>

  <MBeanAttribute Name="AppNameFilterHeaderName">
    <Description>
      <Lead>
        <p>The name of the HTTP header used to determine the application name applied when filtering the authentication and assertion requests to the Oracle Identity Cloud Service. When no value is supplied or can be determined, requests are not filtered by an application.</p>
      </Lead>
    </Description>
  </MBeanAttribute>

  <MBeanAttribute Name="OnlyUserTokenClaimsEnabled">
    <Description>
      <Lead>
        <p>Specifies whether the claims about the user from the token are the only claims processed when a subject is created.
        Any additional information in the subject about the user, including groups and application roles, is obtained from the Oracle Identity Cloud Service.</p>
      </Lead>
    </Description>
  </MBeanAttribute>

  <MBeanAttribute Name="AnyIdentityDomainEnabled">
    <Description>
      <Lead>
        <p>The Oracle Identity Cloud Integrator provider defines this setting as always enabled.</p>
      </Lead>
    </Description>
  </MBeanAttribute>

  <MBeanAttribute Name="SyncFilterEnabled">
    <Description>
      <Lead>
        <p>Specifies whether the synchronization filter is enabled for servlet applications deployed on the security realm.</p>
      </Lead>
    </Description>
  </MBeanAttribute>

  <MBeanAttribute Name= "SyncFilterOnlyClientCertRequests">
    <Description>
      <Lead>
        <p>Specifies whether the synchronization filter only filters the requests with CLIENT_CERT or CLIENT-CERT Auth Type.</p>
      </Lead>
    </Description>
  </MBeanAttribute>

  <MBeanAttribute Name= "SyncFilterMatchCase">
    <Description>
      <Lead>
        <p>Specifies whether the synchronization filter performs case match when comparing the session user and the remote user.</p>
      </Lead>
    </Description>
  </MBeanAttribute>

  <MBeanAttribute Name= "SyncFilterPreferHeader">
   <Description>
      <Lead>
        <p>Specifies whether the synchronization filter looks into the requests header before looking at the token for the remote user and tenant.
        This attribute is used only when the synchronization filter is enabled for requests with all authentication types.</p>
      </Lead>
    </Description>
  </MBeanAttribute>

  <MBeanAttribute Name= "SyncFilterUserHeaderNames">
   <Description>
      <Lead>
        <p>The names of HTTP headers sent on requests that the synchronization filter uses to look for remote user information.</p>
      </Lead>
   </Description>  
  </MBeanAttribute>

  <MBeanAttribute Name="ClientNameTokenClaim">
    <Description>
      <Lead>
        <p>Used to get the client name from the access token.</p>
      </Lead>
    </Description>
  </MBeanAttribute>

  <MBeanAttribute Name="ClientIDTokenClaim">
    <Description>
      <Lead>
        <p>Used to get the client Id (GUID) from the access token. </p>
      </Lead>
    </Description>
  </MBeanAttribute>

  <MBeanAttribute Name="ClientTenantTokenClaim">
    <Description>
      <Lead>
        <p>Used to get the Identity Domain for the client from the access token.</p>
      </Lead>
    </Description>
  </MBeanAttribute>

  <MBeanAttribute Name="ResourceTenantTokenClaim">
    <Description>
      <Lead>
        <p>Used to get the Identity Domain for the resource from the access token.</p>
      </Lead>
    </Description>
  </MBeanAttribute>

  <MBeanAttribute Name= "AudienceEnabled">
    <Description>
      <Lead>
        <p>Specifies whether the audience from the access token is stored in the subject for later use by the application.</p>
      </Lead>
    </Description>
  </MBeanAttribute>

  <MBeanAttribute Name= "ClientAsUserPrincipalEnabled">
    <Description>
      <Lead>
        <p>Specifies whether the client name from the access token is stored in the subject as the username for later use by the application.</p>
      </Lead>
    </Description>
  </MBeanAttribute>

  <MBeanAttribute Name="TenantDataFlushInterval">
    <Description>
      <Lead>
        <p>The interval, in seconds, that the cached data for all the tenants, including the metadata and public key is flushed. 
           Adjusting the interval impacts how long the tenant data is cached for reuse before it is updated.
           The default value is 0, which means that tenant data from a previous download is not cleared unless triggered by an MBean operation or configuration change.</p>
      </Lead>
    </Description>
  </MBeanAttribute>

  <MBeanAttribute Name="ThreadLockTimeout">
    <Description>
      <Lead>
        <p>The maximum time to wait, in seconds, when a thread attempts to acquire a synchronization lock for obtaining metadata, keys and access tokens.</p>
      </Lead>
    </Description>
  </MBeanAttribute>

  <MBeanAttribute Name="TenantDataReloadEnabled">
    <Description>
      <Lead>
        <p>Specifies whether to re-load Oracle Identity Cloud Service tenant data when a token validation error occurs.</p>
      </Lead>
    </Description>
  </MBeanAttribute>

  <MBeanAttribute Name="TenantDataReloadInterval">
    <Description>
      <Lead>
        <p>The interval, in seconds, that the Oracle Identity Cloud Service tenant data would not be removed when a token validation error occurs.
           Adjusting the interval impacts how long the tenant data is cached for reuse before repeated token validation errors result in a tenant data re-load.</p>
      </Lead>
    </Description>
  </MBeanAttribute>

  <MBeanAttribute Name="KnownTenantPrefixList">
    <Description>
      <Lead>
        <p>The list of tenant prefixes that would identify known or valid Oracle Identity Cloud Service tenant names.
           Used in combination with KnownTenantEmptyMetadataTTL to decide the TTL of cached empty metadata for Oracle Identity Cloud Service tenants.
           When no perfixes are configured, all tenants are considered as Oracle Identity Cloud Service tenants.</p>
      </Lead>
    </Description>
  </MBeanAttribute>

  <MBeanAttribute Name="KnownTenantEmptyMetadataTTL">
    <Description>
      <Lead>
        <p>The time-to-live (TTL) of the empty metadata for known Oracle Identity Cloud Service tenants in Oracle Identity Cloud Service metadata cache, in seconds. The default value 300.</p>
      </Lead>
    </Description>
  </MBeanAttribute>

  <MBeanAttribute Name="UnknownTenantEmptyMetadataTTL">
    <Description>
      <Lead>
        <p>The time-to-live (TTL) of the empty metadata for unknown tenants in Oracle Identity Cloud Service metadata cache, in seconds.
           The default value is 0 to disable the TTL.</p>
      </Lead>
    </Description>
  </MBeanAttribute>

  <MBeanOperation Name="clearMetadata">
    <Description>
      <Lead>
        <p>Clears (removes) the loaded metadata for the specified tenant.
           The metadata is re-loaded upon access from a user of the specified tenant.</p>
      </Lead>
    </Description>
  </MBeanOperation>

  <MBeanOperation Name="clearPublicKey">
    <Description>
      <Lead>
        <p>Clears (removes) the loaded public key(s) for the specified tenant.
           The public key(s) is re-loaded when a token requires verification.</p>
      </Lead>
    </Description>
  </MBeanOperation>

  <MBeanOperation Name="hasMetadataAvailable">
    <Description>
      <Lead>
        <p>Verifies if metadata is loaded for a tenant. It returns true if the metadata is available; false otherwise. </p>
      </Lead>
    </Description>
  </MBeanOperation>

  <MBeanOperation Name="hasPublicKeyAvailable">
    <Description>
      <Lead>
        <p>Verifies if the public key is loaded for a tenant. It returns true if the public key is available; false otherwise. </p>
      </Lead>
    </Description>
  </MBeanOperation>

  <MBeanOperation Name="clearTenantData">
    <Description>
      <Lead>
        <p>Clears (removes) all data (metadata, keys, etc.) for all the known tenants.
           Tenant data is re-loaded upon access from a user.</p>
      </Lead>
    </Description>
  </MBeanOperation>

</MBeanType>
