<?xml version="1.0" encoding="UTF-8" standalone="yes"?>
<component-def xmlns="http://xmlns.oracle.com/cie/gdr/cpd" name="oracle.webservices.wls" version="12.2.1.3.0" description="Oracle WebLogic WebServices" gdr-version="1.8.2.0" groupId="com.oracle.weblogic" xmlns:ns2="http://xmlns.oracle.com/cie/stringsubs">
  <file-map symbol="wls.server.symbol" source="filegroup2.jar" expanded="true" compacted="true" patch="22379215">
    <file source="plugins/jdeveloper/libraries/WebLogic_12.1_Remote_Client_from_ws.exports" dest="plugins/jdeveloper/libraries/WebLogic_12.1_Remote_Client_from_ws.exports" action="replacement"/>
    <file source="plugins/jdeveloper/libraries/JAX-RS_Jersey_2.x_from_ws.exports" dest="plugins/jdeveloper/libraries/JAX-RS_Jersey_2.x_from_ws.exports" action="replacement"/>
    <file source="plugins/jdeveloper/libraries/JAX-WS_Client_from_ws.exports" dest="plugins/jdeveloper/libraries/JAX-WS_Client_from_ws.exports" action="replacement"/>
    <file-perms>
      <permission mode="750" regex=".*" match-dirs="true"/>
    </file-perms>
  </file-map>
  <artifact-pom-overrides>
    <suppress-pom file="common/templates/wls/oracle.wls-webservice-jaxws-template.jar" symbol="jrf.symbol"/>
    <suppress-pom file="common/templates/wls/oracle.wls-webservice-jaxws-reconfig-template_12.1.3.jar" symbol="jrf.symbol"/>
    <suppress-pom file="common/templates/wls/oracle.wls-webservice-jaxws-reconfig-template_12.2.1.jar" symbol="jrf.symbol"/>
    <suppress-pom file="common/templates/wls/oracle.wls-webservice-jaxws-reconfig-template_12.2.1.1.0.jar" symbol="jrf.symbol"/>
    <suppress-pom file="common/templates/wls/oracle.wls-webservice-soapjms-template.jar" symbol="jrf.symbol"/>
    <suppress-pom file="common/templates/wls/oracle.wls-webservice-template.jar" symbol="jrf.symbol"/>
    <suppress-pom file="common/templates/wls/oracle.wls-webservice-reconfig-template_12.1.3.jar" symbol="jrf.symbol"/>
    <suppress-pom file="common/templates/wls/oracle.wls-webservice-reconfig-template_12.2.1.jar" symbol="jrf.symbol"/>
    <suppress-pom file="common/templates/wls/oracle.wls-webservice-reconfig-template_12.2.1.1.0.jar" symbol="jrf.symbol"/>
  </artifact-pom-overrides>
  <default-pom-override groupId="com.oracle.fmwshare"/>
  <libraries/>
</component-def>
