<?xml version="1.0" encoding="UTF-8" standalone="no"?>
<oneoff_actions>
    <oracle.wls.libraries opt_req="O" symbol="wls.server.symbol" version="12.2.1.3.0">
        <jar class_name="modules/com.oracle.weblogic.management.core.api.jar/weblogic/management/utils/situationalconfig/SituationalConfigLoader.class" name="com.oracle.weblogic.management.core.api.jar" path="%ORACLE_HOME%/%SYMBOL%/modules" shaolue="DC9A8EC8DFCD7608325D7D60EAEF164191482A3A"/>
        <jar class_name="modules/com.oracle.weblogic.management.core.api.jar/weblogic/management/utils/situationalconfig/SituationalConfigManager.class" name="com.oracle.weblogic.management.core.api.jar" path="%ORACLE_HOME%/%SYMBOL%/modules" shaolue="1AFF469C91A635F7313DEDEF188D269CACA5A9D1"/>
        <jar class_name="modules/com.oracle.weblogic.management.config.api.jar/weblogic/management/configuration/ServerDebugMBean.class" name="com.oracle.weblogic.management.config.api.jar" path="%ORACLE_HOME%/%SYMBOL%/modules" shaolue="E40385FBED45E1CBDBD789123718BD60257C9A3C"/>
        <jar class_name="modules/com.oracle.weblogic.management.config.api.jar/weblogic/management/configuration/ServerTemplateMBean.class" name="com.oracle.weblogic.management.config.api.jar" path="%ORACLE_HOME%/%SYMBOL%/modules" shaolue="9EB8454BF810867AA690419AD4E0A9236583E923"/>
        <jar class_name="modules/com.oracle.weblogic.jdbc.jar/weblogic/jdbc/module/JDBCDeploymentHelper$1.class" name="com.oracle.weblogic.jdbc.jar" path="%ORACLE_HOME%/%SYMBOL%/modules" shaolue="23348D34D5794FCE28C927CDC6E02534504415CD"/>
        <jar class_name="modules/com.oracle.weblogic.jdbc.jar/weblogic/jdbc/module/JDBCDeploymentHelper$2.class" name="com.oracle.weblogic.jdbc.jar" path="%ORACLE_HOME%/%SYMBOL%/modules" shaolue="8D4400853759FD59BF7483A78DFAF72756C1CE48"/>
        <jar class_name="modules/com.oracle.weblogic.jdbc.jar/weblogic/jdbc/module/JDBCDeploymentHelper$3.class" name="com.oracle.weblogic.jdbc.jar" path="%ORACLE_HOME%/%SYMBOL%/modules" shaolue="7EFFAF235FF3C02D0FC9BDAB47FDFF7E63F6CA71"/>
        <jar class_name="modules/com.oracle.weblogic.jdbc.jar/weblogic/jdbc/module/JDBCDeploymentHelper$4.class" name="com.oracle.weblogic.jdbc.jar" path="%ORACLE_HOME%/%SYMBOL%/modules" shaolue="EECFCB6BC1EE42A8F9128B534F89D9DE640FF569"/>
        <jar class_name="modules/com.oracle.weblogic.jdbc.jar/weblogic/jdbc/module/JDBCDeploymentHelper$5.class" name="com.oracle.weblogic.jdbc.jar" path="%ORACLE_HOME%/%SYMBOL%/modules" shaolue="CE7D4DE2F35BEF791E3C3A6CAC3E920250F8A03A"/>
        <jar class_name="modules/com.oracle.weblogic.jdbc.jar/weblogic/jdbc/module/JDBCDeploymentHelper.class" name="com.oracle.weblogic.jdbc.jar" path="%ORACLE_HOME%/%SYMBOL%/modules" shaolue="96A1F2BA7AF452ACB7C5EEA96AF4561758375057"/>
        <jar class_name="modules/com.oracle.weblogic.jms.jar/weblogic/jms/module/JMSParser$1.class" name="com.oracle.weblogic.jms.jar" path="%ORACLE_HOME%/%SYMBOL%/modules" shaolue="85F9E38E9C2D76B6CE6B363169C869F167B09FA8"/>
        <jar class_name="modules/com.oracle.weblogic.jms.jar/weblogic/jms/module/JMSParser$2.class" name="com.oracle.weblogic.jms.jar" path="%ORACLE_HOME%/%SYMBOL%/modules" shaolue="9A42E8885701B60E6CDAA8561B8B8AFA15C23C9B"/>
        <jar class_name="modules/com.oracle.weblogic.jms.jar/weblogic/jms/module/JMSParser$3.class" name="com.oracle.weblogic.jms.jar" path="%ORACLE_HOME%/%SYMBOL%/modules" shaolue="C3ADBF345B40F6144FF29BA2B6F0EC466D07C794"/>
        <jar class_name="modules/com.oracle.weblogic.jms.jar/weblogic/jms/module/JMSParser$4.class" name="com.oracle.weblogic.jms.jar" path="%ORACLE_HOME%/%SYMBOL%/modules" shaolue="CE8F6F719F3950DAECF53EEAFDE21CA8CF2B460F"/>
        <jar class_name="modules/com.oracle.weblogic.jms.jar/weblogic/jms/module/JMSParser$5.class" name="com.oracle.weblogic.jms.jar" path="%ORACLE_HOME%/%SYMBOL%/modules" shaolue="FF9187F6741416201E15BF6C4DA17BE3111D835A"/>
        <jar class_name="modules/com.oracle.weblogic.jms.jar/weblogic/jms/module/JMSParser.class" name="com.oracle.weblogic.jms.jar" path="%ORACLE_HOME%/%SYMBOL%/modules" shaolue="3028F883C25BB3AA6ECC1CB5358586CE4D29BE83"/>
        <jar class_name="modules/com.oracle.weblogic.diagnostics.jar/weblogic/diagnostics/debug/DebugScopeTree.ser" name="com.oracle.weblogic.diagnostics.jar" path="%ORACLE_HOME%/%SYMBOL%/modules" shaolue="C985B30D14A8E7AAD3667656E841257316211CE5"/>
        <jar class_name="modules/com.oracle.weblogic.diagnostics.jar/weblogic/diagnostics/module/WLDFModule.class" name="com.oracle.weblogic.diagnostics.jar" path="%ORACLE_HOME%/%SYMBOL%/modules" shaolue="180295F6E9AE95F39FBBF27F0E8EDBA1626297AA"/>
        <jar class_name="server/lib/wls-api-part.jar/weblogic/management/configuration/ServerDebugMBean.class" name="wls-api-part.jar" path="%ORACLE_HOME%/%SYMBOL%/server/lib" shaolue="E40385FBED45E1CBDBD789123718BD60257C9A3C"/>
        <jar class_name="server/lib/wls-api-part.jar/weblogic/management/configuration/ServerTemplateMBean.class" name="wls-api-part.jar" path="%ORACLE_HOME%/%SYMBOL%/server/lib" shaolue="9EB8454BF810867AA690419AD4E0A9236583E923"/>
    </oracle.wls.libraries>
    <oracle.wls.jrf.tenancy.ee.only.sharedlib opt_req="O" symbol="wls.server.symbol" version="12.2.1.3.0">
        <jar class_name="modules/com.bea.core.management.core.jar/weblogic/i18n/i18n.properties" name="com.bea.core.management.core.jar" path="%ORACLE_HOME%/%SYMBOL%/modules" shaolue="54AA91D9BAE11A4FE7DCB0666471052C8A44DD97"/>
        <jar class_name="modules/com.bea.core.management.core.jar/weblogic/management/DomainDir$1.class" name="com.bea.core.management.core.jar" path="%ORACLE_HOME%/%SYMBOL%/modules" shaolue="EF51291C1FA78FE63B25368A0545E3F7E1A0C1D6"/>
        <jar class_name="modules/com.bea.core.management.core.jar/weblogic/management/DomainDir$Instance$1.class" name="com.bea.core.management.core.jar" path="%ORACLE_HOME%/%SYMBOL%/modules" shaolue="CD8D9A47CF6A6C83A0858E1D27154F83A405CDB9"/>
        <jar class_name="modules/com.bea.core.management.core.jar/weblogic/management/DomainDir$Instance.class" name="com.bea.core.management.core.jar" path="%ORACLE_HOME%/%SYMBOL%/modules" shaolue="1B4CC7E026607FC5406E0EDC0DB30B3424A7B279"/>
        <jar class_name="modules/com.bea.core.management.core.jar/weblogic/management/DomainDir.class" name="com.bea.core.management.core.jar" path="%ORACLE_HOME%/%SYMBOL%/modules" shaolue="416265CAF160F36F8C888C49C8C651663583E192"/>
        <jar class_name="modules/com.bea.core.management.core.jar/weblogic/management/ManagementLogLocalizer.properties" name="com.bea.core.management.core.jar" path="%ORACLE_HOME%/%SYMBOL%/modules" shaolue="4533AD649FA3085254CCBA82EB97AC150AD0929E"/>
        <jar class_name="modules/com.bea.core.management.core.jar/weblogic/management/ManagementLogLocalizerDetail.properties" name="com.bea.core.management.core.jar" path="%ORACLE_HOME%/%SYMBOL%/modules" shaolue="62BDA807DD62F20DDC13814FBA34461CB4FFBB4B"/>
        <jar class_name="modules/com.bea.core.management.core.jar/weblogic/management/ManagementLogger$MessageLoggerInitializer.class" name="com.bea.core.management.core.jar" path="%ORACLE_HOME%/%SYMBOL%/modules" shaolue="A6684124D92694CD86A9FD1AA23B91E6404882BC"/>
        <jar class_name="modules/com.bea.core.management.core.jar/weblogic/management/ManagementLogger.class" name="com.bea.core.management.core.jar" path="%ORACLE_HOME%/%SYMBOL%/modules" shaolue="B472BABEF47591B33056917F299E598F103C891D"/>
        <jar class_name="modules/com.oracle.weblogic.application.jar/weblogic/application/ApplicationContextInternal$SecurityProvider.class" name="com.oracle.weblogic.application.jar" path="%ORACLE_HOME%/%SYMBOL%/modules" shaolue="C93BFD3925B600AD84C76BAA2CB380D08C72370B"/>
        <jar class_name="modules/com.oracle.weblogic.application.jar/weblogic/application/ApplicationContextInternal.class" name="com.oracle.weblogic.application.jar" path="%ORACLE_HOME%/%SYMBOL%/modules" shaolue="B2334F15C0D4A505B027905C33CA04410EEA5508"/>
        <jar class_name="modules/com.oracle.weblogic.application.jar/weblogic/application/descriptor/AbstractDescriptorLoader2$1.class" name="com.oracle.weblogic.application.jar" path="%ORACLE_HOME%/%SYMBOL%/modules" shaolue="BA9F43198D13857AF0C45AE89B04DC29CF099715"/>
        <jar class_name="modules/com.oracle.weblogic.application.jar/weblogic/application/descriptor/AbstractDescriptorLoader2$READONLY_SINGLETON.class" name="com.oracle.weblogic.application.jar" path="%ORACLE_HOME%/%SYMBOL%/modules" shaolue="1D875095426CF7AB14D6B6ABE622A6FD233E4449"/>
        <jar class_name="modules/com.oracle.weblogic.application.jar/weblogic/application/descriptor/AbstractDescriptorLoader2$TestAbstractDescriptorLoader2.class" name="com.oracle.weblogic.application.jar" path="%ORACLE_HOME%/%SYMBOL%/modules" shaolue="9EFD55F51274F5624426F92A589C18A20E3A62C0"/>
        <jar class_name="modules/com.oracle.weblogic.application.jar/weblogic/application/descriptor/AbstractDescriptorLoader2.class" name="com.oracle.weblogic.application.jar" path="%ORACLE_HOME%/%SYMBOL%/modules" shaolue="CCC61B131099F2ECB559BF7D24D52365BAAC2B6D"/>
        <jar class_name="modules/com.oracle.weblogic.application.jar/weblogic/application/internal/ApplicationContextImpl$1.class" name="com.oracle.weblogic.application.jar" path="%ORACLE_HOME%/%SYMBOL%/modules" shaolue="F4924548AE7EC3A54E9BA6A0238B034C6CF8EB9D"/>
        <jar class_name="modules/com.oracle.weblogic.application.jar/weblogic/application/internal/ApplicationContextImpl$ApplicationRuntimeStateInitializer.class" name="com.oracle.weblogic.application.jar" path="%ORACLE_HOME%/%SYMBOL%/modules" shaolue="C78DD3B7E07880C157393245F00E8FA1768023BE"/>
        <jar class_name="modules/com.oracle.weblogic.application.jar/weblogic/application/internal/ApplicationContextImpl$LibrarySubDeploymentFetcher.class" name="com.oracle.weblogic.application.jar" path="%ORACLE_HOME%/%SYMBOL%/modules" shaolue="DE680705A9EF6FC7A59E7165557A645DABC825AD"/>
        <jar class_name="modules/com.oracle.weblogic.application.jar/weblogic/application/internal/ApplicationContextImpl$WLSSecurityProvider.class" name="com.oracle.weblogic.application.jar" path="%ORACLE_HOME%/%SYMBOL%/modules" shaolue="F2432B4FBD680F0CE76DD7BD72DB8946110AA255"/>
        <jar class_name="modules/com.oracle.weblogic.application.jar/weblogic/application/internal/ApplicationContextImpl.class" name="com.oracle.weblogic.application.jar" path="%ORACLE_HOME%/%SYMBOL%/modules" shaolue="539F17AF086D61416E126165BB30ADEE72FADF2D"/>
    </oracle.wls.jrf.tenancy.ee.only.sharedlib>
    <oracle.wls.common.cam.wlst opt_req="O" symbol="wls.common.cam.symbol" version="12.2.1.3.0">
        <jar class_name="modules/com.oracle.weblogic.management.beanimpls.jar/weblogic/management/configuration/ServerDebugMBeanImpl$1.class" name="com.oracle.weblogic.management.beanimpls.jar" path="%ORACLE_HOME%/%SYMBOL%/modules" shaolue="D4164A5E9365A8EB7B8971D334135471466C3893"/>
        <jar class_name="modules/com.oracle.weblogic.management.beanimpls.jar/weblogic/management/configuration/ServerDebugMBeanImpl$2.class" name="com.oracle.weblogic.management.beanimpls.jar" path="%ORACLE_HOME%/%SYMBOL%/modules" shaolue="4376C764DFD87B46F0CA97D8E623E6E1BBDBE1D6"/>
        <jar class_name="modules/com.oracle.weblogic.management.beanimpls.jar/weblogic/management/configuration/ServerDebugMBeanImpl$Helper.class" name="com.oracle.weblogic.management.beanimpls.jar" path="%ORACLE_HOME%/%SYMBOL%/modules" shaolue="352F2A0391DE7FB06ADE5744DAE6D3D8876C0B3A"/>
        <jar class_name="modules/com.oracle.weblogic.management.beanimpls.jar/weblogic/management/configuration/ServerDebugMBeanImpl$SchemaHelper2.class" name="com.oracle.weblogic.management.beanimpls.jar" path="%ORACLE_HOME%/%SYMBOL%/modules" shaolue="825CF904D4586122C3762AAAD2B6444E2B6AFE21"/>
        <jar class_name="modules/com.oracle.weblogic.management.beanimpls.jar/weblogic/management/configuration/ServerDebugMBeanImpl.class" name="com.oracle.weblogic.management.beanimpls.jar" path="%ORACLE_HOME%/%SYMBOL%/modules" shaolue="84FA04149AD1D9F5B3BA15F67AD4204AB75E4A7A"/>
        <jar class_name="modules/com.oracle.weblogic.management.beanimpls.jar/weblogic/management/configuration/ServerDebugMBeanImplBeanInfo.class" name="com.oracle.weblogic.management.beanimpls.jar" path="%ORACLE_HOME%/%SYMBOL%/modules" shaolue="143D75F72D909C85F01E867EFC178D73CDC44193"/>
        <jar class_name="modules/com.oracle.weblogic.management.beanimpls.jar/weblogic/management/configuration/ServerMBeanImpl$1.class" name="com.oracle.weblogic.management.beanimpls.jar" path="%ORACLE_HOME%/%SYMBOL%/modules" shaolue="7D2E2C4BD8733935ACAC710FA084538C2DA6D4C2"/>
        <jar class_name="modules/com.oracle.weblogic.management.beanimpls.jar/weblogic/management/configuration/ServerMBeanImpl$2.class" name="com.oracle.weblogic.management.beanimpls.jar" path="%ORACLE_HOME%/%SYMBOL%/modules" shaolue="75FB7904DB49D13D6A819A7114DEF57EE579A995"/>
        <jar class_name="modules/com.oracle.weblogic.management.beanimpls.jar/weblogic/management/configuration/ServerMBeanImpl$Helper.class" name="com.oracle.weblogic.management.beanimpls.jar" path="%ORACLE_HOME%/%SYMBOL%/modules" shaolue="9032D42A53D8F3222ED43EC1F9C7D4E30D868002"/>
        <jar class_name="modules/com.oracle.weblogic.management.beanimpls.jar/weblogic/management/configuration/ServerMBeanImpl$SchemaHelper2.class" name="com.oracle.weblogic.management.beanimpls.jar" path="%ORACLE_HOME%/%SYMBOL%/modules" shaolue="C70D2FCB860FF1621EFDBC5FD847E7CD8E76544E"/>
        <jar class_name="modules/com.oracle.weblogic.management.beanimpls.jar/weblogic/management/configuration/ServerMBeanImpl.class" name="com.oracle.weblogic.management.beanimpls.jar" path="%ORACLE_HOME%/%SYMBOL%/modules" shaolue="A8402232D0A00E7E84ED0C60B69C30F1483A5D29"/>
        <jar class_name="modules/com.oracle.weblogic.management.beanimpls.jar/weblogic/management/configuration/ServerTemplateMBeanImpl$1.class" name="com.oracle.weblogic.management.beanimpls.jar" path="%ORACLE_HOME%/%SYMBOL%/modules" shaolue="6750A1BD28A0346A763BDA61663BA1FA5866BAFA"/>
        <jar class_name="modules/com.oracle.weblogic.management.beanimpls.jar/weblogic/management/configuration/ServerTemplateMBeanImpl$10.class" name="com.oracle.weblogic.management.beanimpls.jar" path="%ORACLE_HOME%/%SYMBOL%/modules" shaolue="F68006F0930D5A16A63559807244EBB8E7957D2B"/>
        <jar class_name="modules/com.oracle.weblogic.management.beanimpls.jar/weblogic/management/configuration/ServerTemplateMBeanImpl$11.class" name="com.oracle.weblogic.management.beanimpls.jar" path="%ORACLE_HOME%/%SYMBOL%/modules" shaolue="3C2D2C71A1D617A191ACFC86F267C621A994C199"/>
        <jar class_name="modules/com.oracle.weblogic.management.beanimpls.jar/weblogic/management/configuration/ServerTemplateMBeanImpl$12.class" name="com.oracle.weblogic.management.beanimpls.jar" path="%ORACLE_HOME%/%SYMBOL%/modules" shaolue="306DC5B110519083F904F069552A91BB70D3D824"/>
        <jar class_name="modules/com.oracle.weblogic.management.beanimpls.jar/weblogic/management/configuration/ServerTemplateMBeanImpl$13.class" name="com.oracle.weblogic.management.beanimpls.jar" path="%ORACLE_HOME%/%SYMBOL%/modules" shaolue="E3474146838F840E02ACEAD44C9A149416BC3CE0"/>
        <jar class_name="modules/com.oracle.weblogic.management.beanimpls.jar/weblogic/management/configuration/ServerTemplateMBeanImpl$14.class" name="com.oracle.weblogic.management.beanimpls.jar" path="%ORACLE_HOME%/%SYMBOL%/modules" shaolue="6373AF692F50C71107DEBF3928D372EDC36C5DDE"/>
        <jar class_name="modules/com.oracle.weblogic.management.beanimpls.jar/weblogic/management/configuration/ServerTemplateMBeanImpl$15.class" name="com.oracle.weblogic.management.beanimpls.jar" path="%ORACLE_HOME%/%SYMBOL%/modules" shaolue="036BFB32D2B1D7B603C18AEC05B86976F8B10FF3"/>
        <jar class_name="modules/com.oracle.weblogic.management.beanimpls.jar/weblogic/management/configuration/ServerTemplateMBeanImpl$16.class" name="com.oracle.weblogic.management.beanimpls.jar" path="%ORACLE_HOME%/%SYMBOL%/modules" shaolue="6403E0A6DBE2A6212277530C056F32FF0C0A4583"/>
        <jar class_name="modules/com.oracle.weblogic.management.beanimpls.jar/weblogic/management/configuration/ServerTemplateMBeanImpl$2.class" name="com.oracle.weblogic.management.beanimpls.jar" path="%ORACLE_HOME%/%SYMBOL%/modules" shaolue="6D025DED156CE93751D99B8C5D190AE0424E0756"/>
        <jar class_name="modules/com.oracle.weblogic.management.beanimpls.jar/weblogic/management/configuration/ServerTemplateMBeanImpl$3.class" name="com.oracle.weblogic.management.beanimpls.jar" path="%ORACLE_HOME%/%SYMBOL%/modules" shaolue="477C4851806DC31653C148B59FE12810CE0D5754"/>
        <jar class_name="modules/com.oracle.weblogic.management.beanimpls.jar/weblogic/management/configuration/ServerTemplateMBeanImpl$4.class" name="com.oracle.weblogic.management.beanimpls.jar" path="%ORACLE_HOME%/%SYMBOL%/modules" shaolue="6B1BE26BBC0376B7C9127B230E8F1E62191061BD"/>
        <jar class_name="modules/com.oracle.weblogic.management.beanimpls.jar/weblogic/management/configuration/ServerTemplateMBeanImpl$5.class" name="com.oracle.weblogic.management.beanimpls.jar" path="%ORACLE_HOME%/%SYMBOL%/modules" shaolue="910895AC49BD624AED0FB993F41DAE19313912F6"/>
        <jar class_name="modules/com.oracle.weblogic.management.beanimpls.jar/weblogic/management/configuration/ServerTemplateMBeanImpl$6.class" name="com.oracle.weblogic.management.beanimpls.jar" path="%ORACLE_HOME%/%SYMBOL%/modules" shaolue="4304DFC4021893D6C69C1FBE5521BEE6FD844BFD"/>
        <jar class_name="modules/com.oracle.weblogic.management.beanimpls.jar/weblogic/management/configuration/ServerTemplateMBeanImpl$7.class" name="com.oracle.weblogic.management.beanimpls.jar" path="%ORACLE_HOME%/%SYMBOL%/modules" shaolue="D00E7941B7F7CD5288CEE979BA37AA7E1C27D0F6"/>
        <jar class_name="modules/com.oracle.weblogic.management.beanimpls.jar/weblogic/management/configuration/ServerTemplateMBeanImpl$8.class" name="com.oracle.weblogic.management.beanimpls.jar" path="%ORACLE_HOME%/%SYMBOL%/modules" shaolue="DE66305ED4B9E66C98F323A632F80D1032CD886E"/>
        <jar class_name="modules/com.oracle.weblogic.management.beanimpls.jar/weblogic/management/configuration/ServerTemplateMBeanImpl$9.class" name="com.oracle.weblogic.management.beanimpls.jar" path="%ORACLE_HOME%/%SYMBOL%/modules" shaolue="71B94A99808E82D315868FB24143ED6A135BB8DC"/>
        <jar class_name="modules/com.oracle.weblogic.management.beanimpls.jar/weblogic/management/configuration/ServerTemplateMBeanImpl$Helper.class" name="com.oracle.weblogic.management.beanimpls.jar" path="%ORACLE_HOME%/%SYMBOL%/modules" shaolue="E1844E38DAB373F998156DE86DBBA12BE7320C26"/>
        <jar class_name="modules/com.oracle.weblogic.management.beanimpls.jar/weblogic/management/configuration/ServerTemplateMBeanImpl$SchemaHelper2.class" name="com.oracle.weblogic.management.beanimpls.jar" path="%ORACLE_HOME%/%SYMBOL%/modules" shaolue="ED7D8E35F3387C00C37DFC0A4B7E6E8E739F8071"/>
        <jar class_name="modules/com.oracle.weblogic.management.beanimpls.jar/weblogic/management/configuration/ServerTemplateMBeanImpl.class" name="com.oracle.weblogic.management.beanimpls.jar" path="%ORACLE_HOME%/%SYMBOL%/modules" shaolue="946E3D6AC5BD8C09F7512F22691CC109B2E667BB"/>
        <jar class_name="modules/com.oracle.weblogic.management.beanimpls.jar/weblogic/management/configuration/ServerTemplateMBeanImplBeanInfo.class" name="com.oracle.weblogic.management.beanimpls.jar" path="%ORACLE_HOME%/%SYMBOL%/modules" shaolue="51611D7C90921319DBF53CE2064CB5838813778D"/>
    </oracle.wls.common.cam.wlst>
    <oracle.wls.core.app.server opt_req="O" version="12.2.1.3.0">
        <copy file_name="inventory/Components/oracle.wls.core.app.server/12.2.1.3.0/patches/22601082/compDef.xml" name="compDef.xml" path="%ORACLE_HOME%/inventory/Components/oracle.wls.core.app.server/12.2.1.3.0/patches/22601082" retain_permission="true" shaolue="B7F38A5E9FFCBE97CE529223254C5499AAB42B75"/>
    </oracle.wls.core.app.server>
    <oracle.wls.core.app.server opt_req="O" symbol="wls.server.symbol" version="12.2.1.3.0">
        <jar class_name="modules/com.oracle.weblogic.management.provider.internal.jar/weblogic/management/provider/internal/RuntimeAccessDeploymentReceiverService$1.class" name="com.oracle.weblogic.management.provider.internal.jar" path="%ORACLE_HOME%/%SYMBOL%/modules" shaolue="29E695B27A896979E4B024AD7D0247B8CD0DFDBE"/>
        <jar class_name="modules/com.oracle.weblogic.management.provider.internal.jar/weblogic/management/provider/internal/RuntimeAccessDeploymentReceiverService$2.class" name="com.oracle.weblogic.management.provider.internal.jar" path="%ORACLE_HOME%/%SYMBOL%/modules" shaolue="4CF7E009B919EC381E81D3510DC166D84C0E2EB4"/>
        <jar class_name="modules/com.oracle.weblogic.management.provider.internal.jar/weblogic/management/provider/internal/RuntimeAccessDeploymentReceiverService$3.class" name="com.oracle.weblogic.management.provider.internal.jar" path="%ORACLE_HOME%/%SYMBOL%/modules" shaolue="8ED2D2DD850B4D09EDED88392D6BAE9308E28E29"/>
        <jar class_name="modules/com.oracle.weblogic.management.provider.internal.jar/weblogic/management/provider/internal/RuntimeAccessDeploymentReceiverService$4.class" name="com.oracle.weblogic.management.provider.internal.jar" path="%ORACLE_HOME%/%SYMBOL%/modules" shaolue="2402C17306D5EA87EFC9594DE64A0BF817F9E657"/>
        <jar class_name="modules/com.oracle.weblogic.management.provider.internal.jar/weblogic/management/provider/internal/RuntimeAccessDeploymentReceiverService$RuntimeAccessDescriptorCreationListener.class" name="com.oracle.weblogic.management.provider.internal.jar" path="%ORACLE_HOME%/%SYMBOL%/modules" shaolue="7F0C5BB5C77CC5C7E705475B5EB4B16D6BAFE952"/>
        <jar class_name="modules/com.oracle.weblogic.management.provider.internal.jar/weblogic/management/provider/internal/RuntimeAccessDeploymentReceiverService.class" name="com.oracle.weblogic.management.provider.internal.jar" path="%ORACLE_HOME%/%SYMBOL%/modules" shaolue="0761CD4E1BD99F32411A1C63ACC5733C2503BB82"/>
        <jar class_name="modules/com.oracle.weblogic.management.provider.internal.jar/weblogic/management/provider/internal/RuntimeAccessImpl$1.class" name="com.oracle.weblogic.management.provider.internal.jar" path="%ORACLE_HOME%/%SYMBOL%/modules" shaolue="36E87722ED738346BCD4CFCE4311371E8BFA77B3"/>
        <jar class_name="modules/com.oracle.weblogic.management.provider.internal.jar/weblogic/management/provider/internal/RuntimeAccessImpl$IOHelperImpl.class" name="com.oracle.weblogic.management.provider.internal.jar" path="%ORACLE_HOME%/%SYMBOL%/modules" shaolue="950ED010F198F364044C1EAE5488032F214A6E44"/>
        <jar class_name="modules/com.oracle.weblogic.management.provider.internal.jar/weblogic/management/provider/internal/RuntimeAccessImpl$ParseException.class" name="com.oracle.weblogic.management.provider.internal.jar" path="%ORACLE_HOME%/%SYMBOL%/modules" shaolue="156A22D9F994F429A5DD9DEB7C8B3FCEDAEE0E28"/>
        <jar class_name="modules/com.oracle.weblogic.management.provider.internal.jar/weblogic/management/provider/internal/RuntimeAccessImpl$READONLY_DESCRIPTOR_MANAGER_SINGLETON.class" name="com.oracle.weblogic.management.provider.internal.jar" path="%ORACLE_HOME%/%SYMBOL%/modules" shaolue="C8FD0730CCAB57B65058145F9F6EEA940F4B0AF0"/>
        <jar class_name="modules/com.oracle.weblogic.management.provider.internal.jar/weblogic/management/provider/internal/RuntimeAccessImpl$SchemaValidationException.class" name="com.oracle.weblogic.management.provider.internal.jar" path="%ORACLE_HOME%/%SYMBOL%/modules" shaolue="E32B56066A8EDD92118D5CC7557639F5800E5589"/>
        <jar class_name="modules/com.oracle.weblogic.management.provider.internal.jar/weblogic/management/provider/internal/RuntimeAccessImpl.class" name="com.oracle.weblogic.management.provider.internal.jar" path="%ORACLE_HOME%/%SYMBOL%/modules" shaolue="8B34509AAD47AB2D3336D96E0AF2E1CA36EBD258"/>
        <jar class_name="modules/com.oracle.weblogic.management.provider.internal.jar/weblogic/management/provider/internal/federatedconfig/FederatedConfigFragmentsProcessor$1.class" name="com.oracle.weblogic.management.provider.internal.jar" path="%ORACLE_HOME%/%SYMBOL%/modules" shaolue="EEB9EF147A4A41A451037B824E3432A23DA845B5"/>
        <jar class_name="modules/com.oracle.weblogic.management.provider.internal.jar/weblogic/management/provider/internal/federatedconfig/FederatedConfigFragmentsProcessor$2.class" name="com.oracle.weblogic.management.provider.internal.jar" path="%ORACLE_HOME%/%SYMBOL%/modules" shaolue="8BBD0F99289CC568AA5E9240A336C088D43F44A7"/>
        <jar class_name="modules/com.oracle.weblogic.management.provider.internal.jar/weblogic/management/provider/internal/federatedconfig/FederatedConfigFragmentsProcessor$Action$Operation.class" name="com.oracle.weblogic.management.provider.internal.jar" path="%ORACLE_HOME%/%SYMBOL%/modules" shaolue="C06B35EB7DA28DA420394BE6CB7D427FC42BF880"/>
        <jar class_name="modules/com.oracle.weblogic.management.provider.internal.jar/weblogic/management/provider/internal/federatedconfig/FederatedConfigFragmentsProcessor$Action.class" name="com.oracle.weblogic.management.provider.internal.jar" path="%ORACLE_HOME%/%SYMBOL%/modules" shaolue="404A2DC85E40075813B794A8A4D451273286926E"/>
        <jar class_name="modules/com.oracle.weblogic.management.provider.internal.jar/weblogic/management/provider/internal/federatedconfig/FederatedConfigFragmentsProcessor$AddOrReplaceOrDeleteProcessor.class" name="com.oracle.weblogic.management.provider.internal.jar" path="%ORACLE_HOME%/%SYMBOL%/modules" shaolue="68D51DC54C5CF3545479CE7FB2ED811575A1FEF1"/>
        <jar class_name="modules/com.oracle.weblogic.management.provider.internal.jar/weblogic/management/provider/internal/federatedconfig/FederatedConfigFragmentsProcessor$AddOrReplaceProcessor.class" name="com.oracle.weblogic.management.provider.internal.jar" path="%ORACLE_HOME%/%SYMBOL%/modules" shaolue="3D18013D37A652A35E91E25080C20E6C8C6F10AB"/>
        <jar class_name="modules/com.oracle.weblogic.management.provider.internal.jar/weblogic/management/provider/internal/federatedconfig/FederatedConfigFragmentsProcessor$AddProcessor.class" name="com.oracle.weblogic.management.provider.internal.jar" path="%ORACLE_HOME%/%SYMBOL%/modules" shaolue="8B143AED62E090F2992EA47D7A30FE287903EB5A"/>
        <jar class_name="modules/com.oracle.weblogic.management.provider.internal.jar/weblogic/management/provider/internal/federatedconfig/FederatedConfigFragmentsProcessor$AddedContentManager.class" name="com.oracle.weblogic.management.provider.internal.jar" path="%ORACLE_HOME%/%SYMBOL%/modules" shaolue="3713BBDF4B700ED45CD54A95D57BEC419F7273BF"/>
        <jar class_name="modules/com.oracle.weblogic.management.provider.internal.jar/weblogic/management/provider/internal/federatedconfig/FederatedConfigFragmentsProcessor$DeleteProcessor.class" name="com.oracle.weblogic.management.provider.internal.jar" path="%ORACLE_HOME%/%SYMBOL%/modules" shaolue="DCC82AD6F07E05090F06CFD5D45D4BBE463FE960"/>
        <jar class_name="modules/com.oracle.weblogic.management.provider.internal.jar/weblogic/management/provider/internal/federatedconfig/FederatedConfigFragmentsProcessor$FragmentProcessor.class" name="com.oracle.weblogic.management.provider.internal.jar" path="%ORACLE_HOME%/%SYMBOL%/modules" shaolue="EACAAC1E6C1047635F8762BC0D817232C6926DE5"/>
        <jar class_name="modules/com.oracle.weblogic.management.provider.internal.jar/weblogic/management/provider/internal/federatedconfig/FederatedConfigFragmentsProcessor$NamespaceInfo.class" name="com.oracle.weblogic.management.provider.internal.jar" path="%ORACLE_HOME%/%SYMBOL%/modules" shaolue="A27F26E84C01ADEB97D11A57A5F2EDCEC29BB8CA"/>
        <jar class_name="modules/com.oracle.weblogic.management.provider.internal.jar/weblogic/management/provider/internal/federatedconfig/FederatedConfigFragmentsProcessor$NamespaceManager.class" name="com.oracle.weblogic.management.provider.internal.jar" path="%ORACLE_HOME%/%SYMBOL%/modules" shaolue="3CCAAC2373482A2A39EC56891DAC456ED4A83607"/>
        <jar class_name="modules/com.oracle.weblogic.management.provider.internal.jar/weblogic/management/provider/internal/federatedconfig/FederatedConfigFragmentsProcessor$NewContent.class" name="com.oracle.weblogic.management.provider.internal.jar" path="%ORACLE_HOME%/%SYMBOL%/modules" shaolue="1C38536A89DB84EA1DFAC33E94C5DAAB5A9627C7"/>
        <jar class_name="modules/com.oracle.weblogic.management.provider.internal.jar/weblogic/management/provider/internal/federatedconfig/FederatedConfigFragmentsProcessor$ReplaceProcessor.class" name="com.oracle.weblogic.management.provider.internal.jar" path="%ORACLE_HOME%/%SYMBOL%/modules" shaolue="EF540E641C50AE8D502368AC46E977CEB45954AA"/>
        <jar class_name="modules/com.oracle.weblogic.management.provider.internal.jar/weblogic/management/provider/internal/federatedconfig/FederatedConfigFragmentsProcessor$Step.class" name="com.oracle.weblogic.management.provider.internal.jar" path="%ORACLE_HOME%/%SYMBOL%/modules" shaolue="24EF7E3DDADC2FDB0BB98A7ECBBA60A3D6C3C96A"/>
        <jar class_name="modules/com.oracle.weblogic.management.provider.internal.jar/weblogic/management/provider/internal/federatedconfig/FederatedConfigFragmentsProcessor$StreamProcessor.class" name="com.oracle.weblogic.management.provider.internal.jar" path="%ORACLE_HOME%/%SYMBOL%/modules" shaolue="355BC83E0D9990A2FFB15695EB0C8506ADDEA16B"/>
        <jar class_name="modules/com.oracle.weblogic.management.provider.internal.jar/weblogic/management/provider/internal/federatedconfig/FederatedConfigFragmentsProcessor$StreamProcessorImpl.class" name="com.oracle.weblogic.management.provider.internal.jar" path="%ORACLE_HOME%/%SYMBOL%/modules" shaolue="38C031D038A5B9ABB693DFEC2ED146A54DD1F14E"/>
        <jar class_name="modules/com.oracle.weblogic.management.provider.internal.jar/weblogic/management/provider/internal/federatedconfig/FederatedConfigFragmentsProcessor.class" name="com.oracle.weblogic.management.provider.internal.jar" path="%ORACLE_HOME%/%SYMBOL%/modules" shaolue="61384EECD0F08429D1941502D0453619917B8C74"/>
        <jar class_name="modules/com.oracle.weblogic.management.provider.internal.jar/weblogic/management/provider/internal/situationalconfig/SituationalConfigDefaultTest.class" name="com.oracle.weblogic.management.provider.internal.jar" path="%ORACLE_HOME%/%SYMBOL%/modules" shaolue="1374BC5C73FF8B220E26578B892DE784CAF7BF44"/>
        <jar class_name="modules/com.oracle.weblogic.management.provider.internal.jar/weblogic/management/provider/internal/situationalconfig/SituationalConfigManagerImpl$1.class" name="com.oracle.weblogic.management.provider.internal.jar" path="%ORACLE_HOME%/%SYMBOL%/modules" shaolue="62FFADF51F1FC73BA2B8308117E06E64410D7C75"/>
        <jar class_name="modules/com.oracle.weblogic.management.provider.internal.jar/weblogic/management/provider/internal/situationalconfig/SituationalConfigManagerImpl$SystemResourceType.class" name="com.oracle.weblogic.management.provider.internal.jar" path="%ORACLE_HOME%/%SYMBOL%/modules" shaolue="3258BC31B1E92F40500190ECCC860288836119B1"/>
        <jar class_name="modules/com.oracle.weblogic.management.provider.internal.jar/weblogic/management/provider/internal/situationalconfig/SituationalConfigManagerImpl.class" name="com.oracle.weblogic.management.provider.internal.jar" path="%ORACLE_HOME%/%SYMBOL%/modules" shaolue="112015AE39998D1B60D7580D9B73D430CAF32790"/>
        <jar class_name="modules/com.oracle.weblogic.management.provider.internal.jar/weblogic/management/provider/internal/situationalconfig/SituationalPropertiesProcessorImpl.class" name="com.oracle.weblogic.management.provider.internal.jar" path="%ORACLE_HOME%/%SYMBOL%/modules" shaolue="C9590C636EA07B8A6537F32B5252365077835F6A"/>
        <jar class_name="modules/com.oracle.weblogic.management.provider.internal.jar/weblogic/management/provider/internal/situationalconfig/SituationalServiceImpl.class" name="com.oracle.weblogic.management.provider.internal.jar" path="%ORACLE_HOME%/%SYMBOL%/modules" shaolue="D9CCA9AAC21512589C0CF3E6A4A2892FDE79837E"/>
        <jar class_name="modules/com.oracle.weblogic.management.provider.internal.jar/weblogic/management/provider/internal/situationalconfig/XMLFileLoader.class" name="com.oracle.weblogic.management.provider.internal.jar" path="%ORACLE_HOME%/%SYMBOL%/modules" shaolue="E7D83B52D68BC58D57D53CCD0F5B0E4E1D89B9F4"/>
        <jar class_name="modules/com.oracle.weblogic.management.provider.internal.jar/weblogic/management/provider/internal/situationalconfig/XMLSituationalConfigDirectives$1.class" name="com.oracle.weblogic.management.provider.internal.jar" path="%ORACLE_HOME%/%SYMBOL%/modules" shaolue="C861588B55ED4A4FA7F4C415391D139B60C48D1B"/>
        <jar class_name="modules/com.oracle.weblogic.management.provider.internal.jar/weblogic/management/provider/internal/situationalconfig/XMLSituationalConfigDirectives$SitCfgSAXHandler.class" name="com.oracle.weblogic.management.provider.internal.jar" path="%ORACLE_HOME%/%SYMBOL%/modules" shaolue="26B1F763B04E29CAF02CD391DC482BF7370F619B"/>
        <jar class_name="modules/com.oracle.weblogic.management.provider.internal.jar/weblogic/management/provider/internal/situationalconfig/XMLSituationalConfigDirectives$StopProcessingSAXException.class" name="com.oracle.weblogic.management.provider.internal.jar" path="%ORACLE_HOME%/%SYMBOL%/modules" shaolue="B013F9C0B48960D0CB779190844529B3E2ABEE44"/>
        <jar class_name="modules/com.oracle.weblogic.management.provider.internal.jar/weblogic/management/provider/internal/situationalconfig/XMLSituationalConfigDirectives.class" name="com.oracle.weblogic.management.provider.internal.jar" path="%ORACLE_HOME%/%SYMBOL%/modules" shaolue="EAF847A1764D451325BD694BEEC476F89B394696"/>
        <jar class_name="modules/com.oracle.weblogic.management.provider.internal.jar/weblogic/management/provider/internal/situationalconfig/XMLSituationalConfigLocator$FileComparator.class" name="com.oracle.weblogic.management.provider.internal.jar" path="%ORACLE_HOME%/%SYMBOL%/modules" shaolue="62E9B6922715D0AE81EC9F6C0CA8B623985B8804"/>
        <jar class_name="modules/com.oracle.weblogic.management.provider.internal.jar/weblogic/management/provider/internal/situationalconfig/XMLSituationalConfigLocator.class" name="com.oracle.weblogic.management.provider.internal.jar" path="%ORACLE_HOME%/%SYMBOL%/modules" shaolue="EC48E86B84A22C58CCB15EFCE21C1A45FE59DDA3"/>
        <jar class_name="modules/com.oracle.weblogic.diagnostics.partition.jar/weblogic/diagnostics/snmp/mib/BEA-WEBLOGIC-MIB.xml" name="com.oracle.weblogic.diagnostics.partition.jar" path="%ORACLE_HOME%/%SYMBOL%/modules" shaolue="A5DC501E375FA0F688623E9D6A9BD6A29212FD1E"/>
        <jar class_name="modules/com.oracle.weblogic.diagnostics.partition.jar/weblogic/diagnostics/snmp/mib/WLSMibMetadata.dat" name="com.oracle.weblogic.diagnostics.partition.jar" path="%ORACLE_HOME%/%SYMBOL%/modules" shaolue="D1372A2014131CD46F5EEF572E58F874AD9DE7C2"/>
        <jar class_name="server/lib/wljmsra.rar/wlthint3client.jar/weblogic/management/utils/situationalconfig/SituationalConfigLoader.class" name="wljmsra.rar:wlthint3client.jar" path="%ORACLE_HOME%/%SYMBOL%/server/lib" shaolue="DC9A8EC8DFCD7608325D7D60EAEF164191482A3A"/>
        <jar class_name="server/lib/wljmsra.rar/wlthint3client.jar/weblogic/management/utils/situationalconfig/SituationalConfigManager.class" name="wljmsra.rar:wlthint3client.jar" path="%ORACLE_HOME%/%SYMBOL%/server/lib" shaolue="1AFF469C91A635F7313DEDEF188D269CACA5A9D1"/>
        <copy file_name="plugins/jdeveloper/libraries/WebLogic_12.1_Remote_Client.exports" name="WebLogic_12.1_Remote_Client.exports" path="%ORACLE_HOME%/%SYMBOL%/plugins/jdeveloper/libraries" retain_permission="true" shaolue="0E8FA8C4BCB03D01422491D1189338EB4395AF4E"/>
        <copy file_name="plugins/jdeveloper/libraries/JAX-WS_Client.exports" name="JAX-WS_Client.exports" path="%ORACLE_HOME%/%SYMBOL%/plugins/jdeveloper/libraries" retain_permission="true" shaolue="0E8FA8C4BCB03D01422491D1189338EB4395AF4E"/>
        <copy file_name="plugins/jdeveloper/libraries/JAX-WS_Web_Services.exports" name="JAX-WS_Web_Services.exports" path="%ORACLE_HOME%/%SYMBOL%/plugins/jdeveloper/libraries" retain_permission="true" shaolue="0E8FA8C4BCB03D01422491D1189338EB4395AF4E"/>
        <copy file_name="plugins/jdeveloper/libraries/JAX-RS_Jersey_2.x.exports" name="JAX-RS_Jersey_2.x.exports" path="%ORACLE_HOME%/%SYMBOL%/plugins/jdeveloper/libraries" retain_permission="true" shaolue="D2F5DF7AB5AF5DAB010F2A1F3CB485317D90F0AB"/>
        <copy file_name="server/lib/BEA-WEBLOGIC-MIB.asn1" name="BEA-WEBLOGIC-MIB.asn1" path="%ORACLE_HOME%/%SYMBOL%/server/lib" retain_permission="true" shaolue="AF249C93A7813374E6F7DE5AB3BAA7B53D5F6E9D"/>
    </oracle.wls.core.app.server>
    <oracle.wls.shared.with.cam opt_req="O" symbol="wls.server.symbol" version="12.2.1.3.0">
        <jar class_name="server/lib/schema/weblogic-domain-binding.jar/META-INF/binding-file.ser" name="weblogic-domain-binding.jar" path="%ORACLE_HOME%/%SYMBOL%/server/lib/schema" shaolue="52A042912EE2D51F2E7A61E4B3F8F5304C04E059"/>
        <jar class_name="server/lib/schema/weblogic-domain-binding.jar/META-INF/binding-file.xml" name="weblogic-domain-binding.jar" path="%ORACLE_HOME%/%SYMBOL%/server/lib/schema" shaolue="518EA289221D76EB741DAAA96266B3A55067A3AE"/>
        <jar class_name="server/lib/schema/weblogic-domain-binding.jar/META-INF/schemas/schema-0.xsd" name="weblogic-domain-binding.jar" path="%ORACLE_HOME%/%SYMBOL%/server/lib/schema" shaolue="C36EBFB73BC0DBDFDB6CD5F2725B0255A625310A"/>
        <jar class_name="server/lib/schema/weblogic-domain-binding.jar/schemacom_bea_xml/system/wdb/serverdebugtypee65btype.xsb" name="weblogic-domain-binding.jar" path="%ORACLE_HOME%/%SYMBOL%/server/lib/schema" shaolue="A2D6F78DF122CBE123CEBB60CC08C6D99F1B6C9F"/>
        <jar class_name="server/lib/schema/weblogic-domain-binding.jar/schemacom_bea_xml/system/wdb/servertemplatetype3ee4type.xsb" name="weblogic-domain-binding.jar" path="%ORACLE_HOME%/%SYMBOL%/server/lib/schema" shaolue="1F8CBF7F260F4439AEF57AC809C2FB3ABFDC7991"/>
        <jar class_name="server/lib/schema/weblogic-domain-binding.jar/schemacom_bea_xml/system/wdb/servertype6e15type.xsb" name="weblogic-domain-binding.jar" path="%ORACLE_HOME%/%SYMBOL%/server/lib/schema" shaolue="DAD703CBE30C89A8BF116ADCA5FAB35A2CC61160"/>
    </oracle.wls.shared.with.cam>
</oneoff_actions>
