<?xml version="1.0" encoding="UTF-8" standalone="no"?>
<oneoff_inventory>
    <opack_version version="14.1.0.1.7"/>
    <patch_description>One-off</patch_description>
    <patch_id number="28076014"/>
    <minimum_opatch_version>13.9.2.0.0</minimum_opatch_version>
    <unique_patch_id>22601082</unique_patch_id>
    <cannot_autorollback>false</cannot_autorollback>
    <date_of_patch day="29" month="Nov" time="09:23:02 hrs" year="2018" zone="PST8PDT"/>
    <base_bugs>
        <bug description="TRACKING BUG FOR SITUATIONAL CONFIG ENHANCEMENTS" number="28076014"/>
    </base_bugs>
    <required_components>
        <component internal_name="oracle.wls.libraries" opt_req="O" version="12.2.1.3.0"/>
        <component internal_name="oracle.wls.jrf.tenancy.ee.only.sharedlib" opt_req="O" version="12.2.1.3.0"/>
        <component internal_name="oracle.wls.common.cam.wlst" opt_req="O" version="12.2.1.3.0"/>
        <component internal_name="oracle.wls.core.app.server" opt_req="O" version="12.2.1.3.0"/>
        <component internal_name="oracle.wls.shared.with.cam" opt_req="O" version="12.2.1.3.0"/>
    </required_components>
    <os_platforms>
        <platform id="0" name="Generic Platform 1"/>
    </os_platforms>
    <executables/>
    <instance_shutdown>true</instance_shutdown>
    <instance_shutdown_message/>
    <online_rac_installable>false</online_rac_installable>
    <run_as_root>false</run_as_root>
    <sql_migrate>false</sql_migrate>
    <wls_prereq_oneoffs/>
    <prereq_oneoffs>
        <prereq oneoff_id="28298734"/>
    </prereq_oneoffs>
    <overlay_oneoffs>
        <overlay oneoff_id="28298734"/>
    </overlay_oneoffs>
    <patch_type sub_type="update" value="singleton"/>
    <patch_language value="en"/>
    <product_family value="fmw"/>
    <patching_model value="one-off"/>
    <auto>false</auto>
    <translatable>false</translatable>
</oneoff_inventory>
