<?xml version="1.0" encoding="UTF-8"?>
<ns:binding-config xmlns:ns="http://www.bea.com/ns/staxb/binding-config/90">
  <ns:bindings>
    <ns:binding-type xsi:type="ns:by-name-bean" xmlns:xsi="http://www.w3.org/2001/XMLSchema-instance">
      <ns:xmlcomponent>t=oracle-identity-cloud-integratorType@http://xmlns.oracle.com/weblogic/security/idcs</ns:xmlcomponent>
      <ns:javatype>weblogic.security.providers.authentication.OracleIdentityCloudIntegratorMBeanImpl</ns:javatype>
      <ns:qname-property>
        <ns:xmlcomponent>t=string@http://www.w3.org/2001/XMLSchema</ns:xmlcomponent>
        <ns:javatype>java.lang.String</ns:javatype>
        <ns:getter>
          <ns:method-name>getName</ns:method-name>
        </ns:getter>
        <ns:setter>
          <ns:method-name>setName</ns:method-name>
          <ns:param-type>java.lang.String</ns:param-type>
        </ns:setter>
        <ns:issetter>
          <ns:method-name>isNameSet</ns:method-name>
        </ns:issetter>
        <ns:qname xmlns:sec="http://xmlns.oracle.com/weblogic/security">sec:name</ns:qname>
        <ns:nillable>true</ns:nillable>
      </ns:qname-property>
      <ns:qname-property>
        <ns:xmlcomponent>t=string@http://www.w3.org/2001/XMLSchema</ns:xmlcomponent>
        <ns:javatype>java.lang.String</ns:javatype>
        <ns:getter>
          <ns:method-name>getCompatibilityObjectName</ns:method-name>
        </ns:getter>
        <ns:setter>
          <ns:method-name>setCompatibilityObjectName</ns:method-name>
          <ns:param-type>java.lang.String</ns:param-type>
        </ns:setter>
        <ns:issetter>
          <ns:method-name>isCompatibilityObjectNameSet</ns:method-name>
        </ns:issetter>
        <ns:qname xmlns:sec="http://xmlns.oracle.com/weblogic/security">sec:compatibility-object-name</ns:qname>
        <ns:nillable>true</ns:nillable>
      </ns:qname-property>
      <ns:qname-property>
        <ns:xmlcomponent>t=string@http://www.w3.org/2001/XMLSchema</ns:xmlcomponent>
        <ns:javatype>java.lang.String</ns:javatype>
        <ns:getter>
          <ns:method-name>getControlFlag</ns:method-name>
        </ns:getter>
        <ns:setter>
          <ns:method-name>setControlFlag</ns:method-name>
          <ns:param-type>java.lang.String</ns:param-type>
        </ns:setter>
        <ns:issetter>
          <ns:method-name>isControlFlagSet</ns:method-name>
        </ns:issetter>
        <ns:qname xmlns:sec="http://xmlns.oracle.com/weblogic/security">sec:control-flag</ns:qname>
        <ns:nillable>true</ns:nillable>
      </ns:qname-property>
      <ns:qname-property>
        <ns:xmlcomponent>t=string@http://www.w3.org/2001/XMLSchema</ns:xmlcomponent>
        <ns:javatype>java.lang.String</ns:javatype>
        <ns:getter>
          <ns:method-name>getActiveTypes</ns:method-name>
        </ns:getter>
        <ns:setter>
          <ns:method-name>setActiveTypes</ns:method-name>
          <ns:param-type>java.lang.String[]</ns:param-type>
        </ns:setter>
        <ns:issetter>
          <ns:method-name>isActiveTypesSet</ns:method-name>
        </ns:issetter>
        <ns:collection>java.lang.String[]</ns:collection>
        <ns:qname xmlns:idcs="http://xmlns.oracle.com/weblogic/security/idcs">idcs:active-type</ns:qname>
        <ns:multiple>true</ns:multiple>
        <ns:nillable>true</ns:nillable>
      </ns:qname-property>
      <ns:qname-property>
        <ns:xmlcomponent>t=string@http://www.w3.org/2001/XMLSchema</ns:xmlcomponent>
        <ns:javatype>java.lang.String</ns:javatype>
        <ns:getter>
          <ns:method-name>getHost</ns:method-name>
        </ns:getter>
        <ns:setter>
          <ns:method-name>setHost</ns:method-name>
          <ns:param-type>java.lang.String</ns:param-type>
        </ns:setter>
        <ns:issetter>
          <ns:method-name>isHostSet</ns:method-name>
        </ns:issetter>
        <ns:qname xmlns:idcs="http://xmlns.oracle.com/weblogic/security/idcs">idcs:host</ns:qname>
        <ns:nillable>true</ns:nillable>
      </ns:qname-property>
      <ns:qname-property>
        <ns:xmlcomponent>t=int@http://www.w3.org/2001/XMLSchema</ns:xmlcomponent>
        <ns:javatype>java.lang.Integer</ns:javatype>
        <ns:getter>
          <ns:method-name>getPort</ns:method-name>
        </ns:getter>
        <ns:setter>
          <ns:method-name>setPort</ns:method-name>
          <ns:param-type>java.lang.Integer</ns:param-type>
        </ns:setter>
        <ns:issetter>
          <ns:method-name>isPortSet</ns:method-name>
        </ns:issetter>
        <ns:qname xmlns:idcs="http://xmlns.oracle.com/weblogic/security/idcs">idcs:port</ns:qname>
        <ns:nillable>true</ns:nillable>
      </ns:qname-property>
      <ns:qname-property>
        <ns:xmlcomponent>t=boolean@http://www.w3.org/2001/XMLSchema</ns:xmlcomponent>
        <ns:javatype>boolean</ns:javatype>
        <ns:getter>
          <ns:method-name>isSSLEnabled</ns:method-name>
        </ns:getter>
        <ns:setter>
          <ns:method-name>setSSLEnabled</ns:method-name>
          <ns:param-type>boolean</ns:param-type>
        </ns:setter>
        <ns:issetter>
          <ns:method-name>isSSLEnabledSet</ns:method-name>
        </ns:issetter>
        <ns:qname xmlns:idcs="http://xmlns.oracle.com/weblogic/security/idcs">idcs:ssl-enabled</ns:qname>
      </ns:qname-property>
      <ns:qname-property>
        <ns:xmlcomponent>t=int@http://www.w3.org/2001/XMLSchema</ns:xmlcomponent>
        <ns:javatype>java.lang.Integer</ns:javatype>
        <ns:getter>
          <ns:method-name>getConnectTimeout</ns:method-name>
        </ns:getter>
        <ns:setter>
          <ns:method-name>setConnectTimeout</ns:method-name>
          <ns:param-type>java.lang.Integer</ns:param-type>
        </ns:setter>
        <ns:issetter>
          <ns:method-name>isConnectTimeoutSet</ns:method-name>
        </ns:issetter>
        <ns:qname xmlns:idcs="http://xmlns.oracle.com/weblogic/security/idcs">idcs:connect-timeout</ns:qname>
        <ns:nillable>true</ns:nillable>
      </ns:qname-property>
      <ns:qname-property>
        <ns:xmlcomponent>t=int@http://www.w3.org/2001/XMLSchema</ns:xmlcomponent>
        <ns:javatype>java.lang.Integer</ns:javatype>
        <ns:getter>
          <ns:method-name>getResponseReadTimeout</ns:method-name>
        </ns:getter>
        <ns:setter>
          <ns:method-name>setResponseReadTimeout</ns:method-name>
          <ns:param-type>java.lang.Integer</ns:param-type>
        </ns:setter>
        <ns:issetter>
          <ns:method-name>isResponseReadTimeoutSet</ns:method-name>
        </ns:issetter>
        <ns:qname xmlns:idcs="http://xmlns.oracle.com/weblogic/security/idcs">idcs:response-read-timeout</ns:qname>
        <ns:nillable>true</ns:nillable>
      </ns:qname-property>
      <ns:qname-property>
        <ns:xmlcomponent>t=string@http://www.w3.org/2001/XMLSchema</ns:xmlcomponent>
        <ns:javatype>java.lang.String</ns:javatype>
        <ns:getter>
          <ns:method-name>getTenant</ns:method-name>
        </ns:getter>
        <ns:setter>
          <ns:method-name>setTenant</ns:method-name>
          <ns:param-type>java.lang.String</ns:param-type>
        </ns:setter>
        <ns:issetter>
          <ns:method-name>isTenantSet</ns:method-name>
        </ns:issetter>
        <ns:qname xmlns:idcs="http://xmlns.oracle.com/weblogic/security/idcs">idcs:tenant</ns:qname>
        <ns:nillable>true</ns:nillable>
      </ns:qname-property>
      <ns:qname-property>
        <ns:xmlcomponent>t=string@http://www.w3.org/2001/XMLSchema</ns:xmlcomponent>
        <ns:javatype>java.lang.String</ns:javatype>
        <ns:getter>
          <ns:method-name>getTenantNames</ns:method-name>
        </ns:getter>
        <ns:setter>
          <ns:method-name>setTenantNames</ns:method-name>
          <ns:param-type>java.lang.String[]</ns:param-type>
        </ns:setter>
        <ns:issetter>
          <ns:method-name>isTenantNamesSet</ns:method-name>
        </ns:issetter>
        <ns:collection>java.lang.String[]</ns:collection>
        <ns:qname xmlns:idcs="http://xmlns.oracle.com/weblogic/security/idcs">idcs:tenant-name</ns:qname>
        <ns:multiple>true</ns:multiple>
        <ns:nillable>true</ns:nillable>
      </ns:qname-property>
      <ns:qname-property>
        <ns:xmlcomponent>t=string@http://www.w3.org/2001/XMLSchema</ns:xmlcomponent>
        <ns:javatype>java.lang.String</ns:javatype>
        <ns:getter>
          <ns:method-name>getBasePath</ns:method-name>
        </ns:getter>
        <ns:setter>
          <ns:method-name>setBasePath</ns:method-name>
          <ns:param-type>java.lang.String</ns:param-type>
        </ns:setter>
        <ns:issetter>
          <ns:method-name>isBasePathSet</ns:method-name>
        </ns:issetter>
        <ns:qname xmlns:idcs="http://xmlns.oracle.com/weblogic/security/idcs">idcs:base-path</ns:qname>
        <ns:nillable>true</ns:nillable>
      </ns:qname-property>
      <ns:qname-property>
        <ns:xmlcomponent>t=string@http://www.w3.org/2001/XMLSchema</ns:xmlcomponent>
        <ns:javatype>java.lang.String</ns:javatype>
        <ns:getter>
          <ns:method-name>getTenantHeaderNames</ns:method-name>
        </ns:getter>
        <ns:setter>
          <ns:method-name>setTenantHeaderNames</ns:method-name>
          <ns:param-type>java.lang.String[]</ns:param-type>
        </ns:setter>
        <ns:issetter>
          <ns:method-name>isTenantHeaderNamesSet</ns:method-name>
        </ns:issetter>
        <ns:collection>java.lang.String[]</ns:collection>
        <ns:qname xmlns:idcs="http://xmlns.oracle.com/weblogic/security/idcs">idcs:tenant-header-name</ns:qname>
        <ns:multiple>true</ns:multiple>
        <ns:nillable>true</ns:nillable>
      </ns:qname-property>
      <ns:qname-property>
        <ns:xmlcomponent>t=boolean@http://www.w3.org/2001/XMLSchema</ns:xmlcomponent>
        <ns:javatype>boolean</ns:javatype>
        <ns:getter>
          <ns:method-name>isTokenSecureTransportRequired</ns:method-name>
        </ns:getter>
        <ns:setter>
          <ns:method-name>setTokenSecureTransportRequired</ns:method-name>
          <ns:param-type>boolean</ns:param-type>
        </ns:setter>
        <ns:issetter>
          <ns:method-name>isTokenSecureTransportRequiredSet</ns:method-name>
        </ns:issetter>
        <ns:qname xmlns:idcs="http://xmlns.oracle.com/weblogic/security/idcs">idcs:token-secure-transport-required</ns:qname>
      </ns:qname-property>
      <ns:qname-property>
        <ns:xmlcomponent>t=boolean@http://www.w3.org/2001/XMLSchema</ns:xmlcomponent>
        <ns:javatype>boolean</ns:javatype>
        <ns:getter>
          <ns:method-name>isTokenVirtualUserAllowed</ns:method-name>
        </ns:getter>
        <ns:setter>
          <ns:method-name>setTokenVirtualUserAllowed</ns:method-name>
          <ns:param-type>boolean</ns:param-type>
        </ns:setter>
        <ns:issetter>
          <ns:method-name>isTokenVirtualUserAllowedSet</ns:method-name>
        </ns:issetter>
        <ns:qname xmlns:idcs="http://xmlns.oracle.com/weblogic/security/idcs">idcs:token-virtual-user-allowed</ns:qname>
      </ns:qname-property>
      <ns:qname-property>
        <ns:xmlcomponent>t=string@http://www.w3.org/2001/XMLSchema</ns:xmlcomponent>
        <ns:javatype>java.lang.String</ns:javatype>
        <ns:getter>
          <ns:method-name>getTokenValidationLevel</ns:method-name>
        </ns:getter>
        <ns:setter>
          <ns:method-name>setTokenValidationLevel</ns:method-name>
          <ns:param-type>java.lang.String</ns:param-type>
        </ns:setter>
        <ns:issetter>
          <ns:method-name>isTokenValidationLevelSet</ns:method-name>
        </ns:issetter>
        <ns:qname xmlns:idcs="http://xmlns.oracle.com/weblogic/security/idcs">idcs:token-validation-level</ns:qname>
        <ns:nillable>true</ns:nillable>
      </ns:qname-property>
      <ns:qname-property>
        <ns:xmlcomponent>t=string@http://www.w3.org/2001/XMLSchema</ns:xmlcomponent>
        <ns:javatype>java.lang.String</ns:javatype>
        <ns:getter>
          <ns:method-name>getIssuer</ns:method-name>
        </ns:getter>
        <ns:setter>
          <ns:method-name>setIssuer</ns:method-name>
          <ns:param-type>java.lang.String</ns:param-type>
        </ns:setter>
        <ns:issetter>
          <ns:method-name>isIssuerSet</ns:method-name>
        </ns:issetter>
        <ns:qname xmlns:idcs="http://xmlns.oracle.com/weblogic/security/idcs">idcs:issuer</ns:qname>
        <ns:nillable>true</ns:nillable>
      </ns:qname-property>
      <ns:qname-property>
        <ns:xmlcomponent>t=string@http://www.w3.org/2001/XMLSchema</ns:xmlcomponent>
        <ns:javatype>java.lang.String</ns:javatype>
        <ns:getter>
          <ns:method-name>getJSONWebKeySetURI</ns:method-name>
        </ns:getter>
        <ns:setter>
          <ns:method-name>setJSONWebKeySetURI</ns:method-name>
          <ns:param-type>java.lang.String</ns:param-type>
        </ns:setter>
        <ns:issetter>
          <ns:method-name>isJSONWebKeySetURISet</ns:method-name>
        </ns:issetter>
        <ns:qname xmlns:idcs="http://xmlns.oracle.com/weblogic/security/idcs">idcs:json-web-key-set-uri</ns:qname>
        <ns:nillable>true</ns:nillable>
      </ns:qname-property>
      <ns:qname-property>
        <ns:xmlcomponent>t=int@http://www.w3.org/2001/XMLSchema</ns:xmlcomponent>
        <ns:javatype>int</ns:javatype>
        <ns:getter>
          <ns:method-name>getTokenClockSkew</ns:method-name>
        </ns:getter>
        <ns:setter>
          <ns:method-name>setTokenClockSkew</ns:method-name>
          <ns:param-type>int</ns:param-type>
        </ns:setter>
        <ns:issetter>
          <ns:method-name>isTokenClockSkewSet</ns:method-name>
        </ns:issetter>
        <ns:qname xmlns:idcs="http://xmlns.oracle.com/weblogic/security/idcs">idcs:token-clock-skew</ns:qname>
      </ns:qname-property>
      <ns:qname-property>
        <ns:xmlcomponent>t=string@http://www.w3.org/2001/XMLSchema</ns:xmlcomponent>
        <ns:javatype>java.lang.String</ns:javatype>
        <ns:getter>
          <ns:method-name>getClientTenant</ns:method-name>
        </ns:getter>
        <ns:setter>
          <ns:method-name>setClientTenant</ns:method-name>
          <ns:param-type>java.lang.String</ns:param-type>
        </ns:setter>
        <ns:issetter>
          <ns:method-name>isClientTenantSet</ns:method-name>
        </ns:issetter>
        <ns:qname xmlns:idcs="http://xmlns.oracle.com/weblogic/security/idcs">idcs:client-tenant</ns:qname>
        <ns:nillable>true</ns:nillable>
      </ns:qname-property>
      <ns:qname-property>
        <ns:xmlcomponent>t=string@http://www.w3.org/2001/XMLSchema</ns:xmlcomponent>
        <ns:javatype>java.lang.String</ns:javatype>
        <ns:getter>
          <ns:method-name>getClientId</ns:method-name>
        </ns:getter>
        <ns:setter>
          <ns:method-name>setClientId</ns:method-name>
          <ns:param-type>java.lang.String</ns:param-type>
        </ns:setter>
        <ns:issetter>
          <ns:method-name>isClientIdSet</ns:method-name>
        </ns:issetter>
        <ns:qname xmlns:idcs="http://xmlns.oracle.com/weblogic/security/idcs">idcs:client-id</ns:qname>
        <ns:nillable>true</ns:nillable>
      </ns:qname-property>
      <ns:qname-property>
        <ns:xmlcomponent>t=int@http://www.w3.org/2001/XMLSchema</ns:xmlcomponent>
        <ns:javatype>java.lang.Integer</ns:javatype>
        <ns:getter>
          <ns:method-name>getAccessTokenTimeoutWindow</ns:method-name>
        </ns:getter>
        <ns:setter>
          <ns:method-name>setAccessTokenTimeoutWindow</ns:method-name>
          <ns:param-type>java.lang.Integer</ns:param-type>
        </ns:setter>
        <ns:issetter>
          <ns:method-name>isAccessTokenTimeoutWindowSet</ns:method-name>
        </ns:issetter>
        <ns:qname xmlns:idcs="http://xmlns.oracle.com/weblogic/security/idcs">idcs:access-token-timeout-window</ns:qname>
        <ns:nillable>true</ns:nillable>
      </ns:qname-property>
      <ns:qname-property>
        <ns:xmlcomponent>t=boolean@http://www.w3.org/2001/XMLSchema</ns:xmlcomponent>
        <ns:javatype>boolean</ns:javatype>
        <ns:getter>
          <ns:method-name>isSignaturePreferX509Certificate</ns:method-name>
        </ns:getter>
        <ns:setter>
          <ns:method-name>setSignaturePreferX509Certificate</ns:method-name>
          <ns:param-type>boolean</ns:param-type>
        </ns:setter>
        <ns:issetter>
          <ns:method-name>isSignaturePreferX509CertificateSet</ns:method-name>
        </ns:issetter>
        <ns:qname xmlns:idcs="http://xmlns.oracle.com/weblogic/security/idcs">idcs:signature-prefer-x509-certificate</ns:qname>
      </ns:qname-property>
      <ns:qname-property>
        <ns:xmlcomponent>t=string@http://www.w3.org/2001/XMLSchema</ns:xmlcomponent>
        <ns:javatype>java.lang.String</ns:javatype>
        <ns:getter>
          <ns:method-name>getUserNameTokenClaim</ns:method-name>
        </ns:getter>
        <ns:setter>
          <ns:method-name>setUserNameTokenClaim</ns:method-name>
          <ns:param-type>java.lang.String</ns:param-type>
        </ns:setter>
        <ns:issetter>
          <ns:method-name>isUserNameTokenClaimSet</ns:method-name>
        </ns:issetter>
        <ns:qname xmlns:idcs="http://xmlns.oracle.com/weblogic/security/idcs">idcs:user-name-token-claim</ns:qname>
        <ns:nillable>true</ns:nillable>
      </ns:qname-property>
      <ns:qname-property>
        <ns:xmlcomponent>t=string@http://www.w3.org/2001/XMLSchema</ns:xmlcomponent>
        <ns:javatype>java.lang.String</ns:javatype>
        <ns:getter>
          <ns:method-name>getUserIDTokenClaim</ns:method-name>
        </ns:getter>
        <ns:setter>
          <ns:method-name>setUserIDTokenClaim</ns:method-name>
          <ns:param-type>java.lang.String</ns:param-type>
        </ns:setter>
        <ns:issetter>
          <ns:method-name>isUserIDTokenClaimSet</ns:method-name>
        </ns:issetter>
        <ns:qname xmlns:idcs="http://xmlns.oracle.com/weblogic/security/idcs">idcs:user-id-token-claim</ns:qname>
        <ns:nillable>true</ns:nillable>
      </ns:qname-property>
      <ns:qname-property>
        <ns:xmlcomponent>t=string@http://www.w3.org/2001/XMLSchema</ns:xmlcomponent>
        <ns:javatype>java.lang.String</ns:javatype>
        <ns:getter>
          <ns:method-name>getGroupsTokenClaim</ns:method-name>
        </ns:getter>
        <ns:setter>
          <ns:method-name>setGroupsTokenClaim</ns:method-name>
          <ns:param-type>java.lang.String</ns:param-type>
        </ns:setter>
        <ns:issetter>
          <ns:method-name>isGroupsTokenClaimSet</ns:method-name>
        </ns:issetter>
        <ns:qname xmlns:idcs="http://xmlns.oracle.com/weblogic/security/idcs">idcs:groups-token-claim</ns:qname>
        <ns:nillable>true</ns:nillable>
      </ns:qname-property>
      <ns:qname-property>
        <ns:xmlcomponent>t=string@http://www.w3.org/2001/XMLSchema</ns:xmlcomponent>
        <ns:javatype>java.lang.String</ns:javatype>
        <ns:getter>
          <ns:method-name>getTenantTokenClaim</ns:method-name>
        </ns:getter>
        <ns:setter>
          <ns:method-name>setTenantTokenClaim</ns:method-name>
          <ns:param-type>java.lang.String</ns:param-type>
        </ns:setter>
        <ns:issetter>
          <ns:method-name>isTenantTokenClaimSet</ns:method-name>
        </ns:issetter>
        <ns:qname xmlns:idcs="http://xmlns.oracle.com/weblogic/security/idcs">idcs:tenant-token-claim</ns:qname>
        <ns:nillable>true</ns:nillable>
      </ns:qname-property>
      <ns:qname-property>
        <ns:xmlcomponent>t=string@http://www.w3.org/2001/XMLSchema</ns:xmlcomponent>
        <ns:javatype>java.lang.String</ns:javatype>
        <ns:getter>
          <ns:method-name>getAppRolesTokenClaim</ns:method-name>
        </ns:getter>
        <ns:setter>
          <ns:method-name>setAppRolesTokenClaim</ns:method-name>
          <ns:param-type>java.lang.String</ns:param-type>
        </ns:setter>
        <ns:issetter>
          <ns:method-name>isAppRolesTokenClaimSet</ns:method-name>
        </ns:issetter>
        <ns:qname xmlns:idcs="http://xmlns.oracle.com/weblogic/security/idcs">idcs:app-roles-token-claim</ns:qname>
        <ns:nillable>true</ns:nillable>
      </ns:qname-property>
      <ns:qname-property>
        <ns:xmlcomponent>t=string@http://www.w3.org/2001/XMLSchema</ns:xmlcomponent>
        <ns:javatype>java.lang.String</ns:javatype>
        <ns:getter>
          <ns:method-name>getUserAuthenticationAssertionAttribute</ns:method-name>
        </ns:getter>
        <ns:setter>
          <ns:method-name>setUserAuthenticationAssertionAttribute</ns:method-name>
          <ns:param-type>java.lang.String</ns:param-type>
        </ns:setter>
        <ns:issetter>
          <ns:method-name>isUserAuthenticationAssertionAttributeSet</ns:method-name>
        </ns:issetter>
        <ns:qname xmlns:idcs="http://xmlns.oracle.com/weblogic/security/idcs">idcs:user-authentication-assertion-attribute</ns:qname>
        <ns:nillable>true</ns:nillable>
      </ns:qname-property>
      <ns:qname-property>
        <ns:xmlcomponent>t=string@http://www.w3.org/2001/XMLSchema</ns:xmlcomponent>
        <ns:javatype>java.lang.String</ns:javatype>
        <ns:getter>
          <ns:method-name>getUserNameResourceAttribute</ns:method-name>
        </ns:getter>
        <ns:setter>
          <ns:method-name>setUserNameResourceAttribute</ns:method-name>
          <ns:param-type>java.lang.String</ns:param-type>
        </ns:setter>
        <ns:issetter>
          <ns:method-name>isUserNameResourceAttributeSet</ns:method-name>
        </ns:issetter>
        <ns:qname xmlns:idcs="http://xmlns.oracle.com/weblogic/security/idcs">idcs:user-name-resource-attribute</ns:qname>
        <ns:nillable>true</ns:nillable>
      </ns:qname-property>
      <ns:qname-property>
        <ns:xmlcomponent>t=string@http://www.w3.org/2001/XMLSchema</ns:xmlcomponent>
        <ns:javatype>java.lang.String</ns:javatype>
        <ns:getter>
          <ns:method-name>getUserIDResourceAttribute</ns:method-name>
        </ns:getter>
        <ns:setter>
          <ns:method-name>setUserIDResourceAttribute</ns:method-name>
          <ns:param-type>java.lang.String</ns:param-type>
        </ns:setter>
        <ns:issetter>
          <ns:method-name>isUserIDResourceAttributeSet</ns:method-name>
        </ns:issetter>
        <ns:qname xmlns:idcs="http://xmlns.oracle.com/weblogic/security/idcs">idcs:user-id-resource-attribute</ns:qname>
        <ns:nillable>true</ns:nillable>
      </ns:qname-property>
      <ns:qname-property>
        <ns:xmlcomponent>t=string@http://www.w3.org/2001/XMLSchema</ns:xmlcomponent>
        <ns:javatype>java.lang.String</ns:javatype>
        <ns:getter>
          <ns:method-name>getClientIDResourceAttribute</ns:method-name>
        </ns:getter>
        <ns:setter>
          <ns:method-name>setClientIDResourceAttribute</ns:method-name>
          <ns:param-type>java.lang.String</ns:param-type>
        </ns:setter>
        <ns:issetter>
          <ns:method-name>isClientIDResourceAttributeSet</ns:method-name>
        </ns:issetter>
        <ns:qname xmlns:idcs="http://xmlns.oracle.com/weblogic/security/idcs">idcs:client-id-resource-attribute</ns:qname>
        <ns:nillable>true</ns:nillable>
      </ns:qname-property>
      <ns:qname-property>
        <ns:xmlcomponent>t=boolean@http://www.w3.org/2001/XMLSchema</ns:xmlcomponent>
        <ns:javatype>boolean</ns:javatype>
        <ns:getter>
          <ns:method-name>isCacheEnabled</ns:method-name>
        </ns:getter>
        <ns:setter>
          <ns:method-name>setCacheEnabled</ns:method-name>
          <ns:param-type>boolean</ns:param-type>
        </ns:setter>
        <ns:issetter>
          <ns:method-name>isCacheEnabledSet</ns:method-name>
        </ns:issetter>
        <ns:qname xmlns:idcs="http://xmlns.oracle.com/weblogic/security/idcs">idcs:cache-enabled</ns:qname>
      </ns:qname-property>
      <ns:qname-property>
        <ns:xmlcomponent>t=int@http://www.w3.org/2001/XMLSchema</ns:xmlcomponent>
        <ns:javatype>java.lang.Integer</ns:javatype>
        <ns:getter>
          <ns:method-name>getCacheSize</ns:method-name>
        </ns:getter>
        <ns:setter>
          <ns:method-name>setCacheSize</ns:method-name>
          <ns:param-type>java.lang.Integer</ns:param-type>
        </ns:setter>
        <ns:issetter>
          <ns:method-name>isCacheSizeSet</ns:method-name>
        </ns:issetter>
        <ns:qname xmlns:idcs="http://xmlns.oracle.com/weblogic/security/idcs">idcs:cache-size</ns:qname>
        <ns:nillable>true</ns:nillable>
      </ns:qname-property>
      <ns:qname-property>
        <ns:xmlcomponent>t=int@http://www.w3.org/2001/XMLSchema</ns:xmlcomponent>
        <ns:javatype>java.lang.Integer</ns:javatype>
        <ns:getter>
          <ns:method-name>getCacheTTL</ns:method-name>
        </ns:getter>
        <ns:setter>
          <ns:method-name>setCacheTTL</ns:method-name>
          <ns:param-type>java.lang.Integer</ns:param-type>
        </ns:setter>
        <ns:issetter>
          <ns:method-name>isCacheTTLSet</ns:method-name>
        </ns:issetter>
        <ns:qname xmlns:idcs="http://xmlns.oracle.com/weblogic/security/idcs">idcs:cache-ttl</ns:qname>
        <ns:nillable>true</ns:nillable>
      </ns:qname-property>
      <ns:qname-property>
        <ns:xmlcomponent>t=boolean@http://www.w3.org/2001/XMLSchema</ns:xmlcomponent>
        <ns:javatype>boolean</ns:javatype>
        <ns:getter>
          <ns:method-name>isTokenCacheEnabled</ns:method-name>
        </ns:getter>
        <ns:setter>
          <ns:method-name>setTokenCacheEnabled</ns:method-name>
          <ns:param-type>boolean</ns:param-type>
        </ns:setter>
        <ns:issetter>
          <ns:method-name>isTokenCacheEnabledSet</ns:method-name>
        </ns:issetter>
        <ns:qname xmlns:idcs="http://xmlns.oracle.com/weblogic/security/idcs">idcs:token-cache-enabled</ns:qname>
      </ns:qname-property>
      <ns:qname-property>
        <ns:xmlcomponent>t=string@http://www.w3.org/2001/XMLSchema</ns:xmlcomponent>
        <ns:javatype>java.lang.String</ns:javatype>
        <ns:getter>
          <ns:method-name>getTenantHostNameTemplate</ns:method-name>
        </ns:getter>
        <ns:setter>
          <ns:method-name>setTenantHostNameTemplate</ns:method-name>
          <ns:param-type>java.lang.String</ns:param-type>
        </ns:setter>
        <ns:issetter>
          <ns:method-name>isTenantHostNameTemplateSet</ns:method-name>
        </ns:issetter>
        <ns:qname xmlns:idcs="http://xmlns.oracle.com/weblogic/security/idcs">idcs:tenant-host-name-template</ns:qname>
        <ns:nillable>true</ns:nillable>
      </ns:qname-property>
      <ns:qname-property>
        <ns:xmlcomponent>t=string@http://www.w3.org/2001/XMLSchema</ns:xmlcomponent>
        <ns:javatype>java.lang.String</ns:javatype>
        <ns:getter>
          <ns:method-name>getAppNameFilterHeaderName</ns:method-name>
        </ns:getter>
        <ns:setter>
          <ns:method-name>setAppNameFilterHeaderName</ns:method-name>
          <ns:param-type>java.lang.String</ns:param-type>
        </ns:setter>
        <ns:issetter>
          <ns:method-name>isAppNameFilterHeaderNameSet</ns:method-name>
        </ns:issetter>
        <ns:qname xmlns:idcs="http://xmlns.oracle.com/weblogic/security/idcs">idcs:app-name-filter-header-name</ns:qname>
        <ns:nillable>true</ns:nillable>
      </ns:qname-property>
      <ns:qname-property>
        <ns:xmlcomponent>t=boolean@http://www.w3.org/2001/XMLSchema</ns:xmlcomponent>
        <ns:javatype>boolean</ns:javatype>
        <ns:getter>
          <ns:method-name>isOnlyUserTokenClaimsEnabled</ns:method-name>
        </ns:getter>
        <ns:setter>
          <ns:method-name>setOnlyUserTokenClaimsEnabled</ns:method-name>
          <ns:param-type>boolean</ns:param-type>
        </ns:setter>
        <ns:issetter>
          <ns:method-name>isOnlyUserTokenClaimsEnabledSet</ns:method-name>
        </ns:issetter>
        <ns:qname xmlns:idcs="http://xmlns.oracle.com/weblogic/security/idcs">idcs:only-user-token-claims-enabled</ns:qname>
      </ns:qname-property>
      <ns:qname-property>
        <ns:xmlcomponent>t=boolean@http://www.w3.org/2001/XMLSchema</ns:xmlcomponent>
        <ns:javatype>boolean</ns:javatype>
        <ns:getter>
          <ns:method-name>isSyncFilterEnabled</ns:method-name>
        </ns:getter>
        <ns:setter>
          <ns:method-name>setSyncFilterEnabled</ns:method-name>
          <ns:param-type>boolean</ns:param-type>
        </ns:setter>
        <ns:issetter>
          <ns:method-name>isSyncFilterEnabledSet</ns:method-name>
        </ns:issetter>
        <ns:qname xmlns:idcs="http://xmlns.oracle.com/weblogic/security/idcs">idcs:sync-filter-enabled</ns:qname>
      </ns:qname-property>
      <ns:qname-property>
        <ns:xmlcomponent>t=boolean@http://www.w3.org/2001/XMLSchema</ns:xmlcomponent>
        <ns:javatype>boolean</ns:javatype>
        <ns:getter>
          <ns:method-name>isSyncFilterOnlyClientCertRequests</ns:method-name>
        </ns:getter>
        <ns:setter>
          <ns:method-name>setSyncFilterOnlyClientCertRequests</ns:method-name>
          <ns:param-type>boolean</ns:param-type>
        </ns:setter>
        <ns:issetter>
          <ns:method-name>isSyncFilterOnlyClientCertRequestsSet</ns:method-name>
        </ns:issetter>
        <ns:qname xmlns:idcs="http://xmlns.oracle.com/weblogic/security/idcs">idcs:sync-filter-only-client-cert-requests</ns:qname>
      </ns:qname-property>
      <ns:qname-property>
        <ns:xmlcomponent>t=boolean@http://www.w3.org/2001/XMLSchema</ns:xmlcomponent>
        <ns:javatype>boolean</ns:javatype>
        <ns:getter>
          <ns:method-name>isSyncFilterMatchCase</ns:method-name>
        </ns:getter>
        <ns:setter>
          <ns:method-name>setSyncFilterMatchCase</ns:method-name>
          <ns:param-type>boolean</ns:param-type>
        </ns:setter>
        <ns:issetter>
          <ns:method-name>isSyncFilterMatchCaseSet</ns:method-name>
        </ns:issetter>
        <ns:qname xmlns:idcs="http://xmlns.oracle.com/weblogic/security/idcs">idcs:sync-filter-match-case</ns:qname>
      </ns:qname-property>
      <ns:qname-property>
        <ns:xmlcomponent>t=boolean@http://www.w3.org/2001/XMLSchema</ns:xmlcomponent>
        <ns:javatype>boolean</ns:javatype>
        <ns:getter>
          <ns:method-name>isSyncFilterPreferHeader</ns:method-name>
        </ns:getter>
        <ns:setter>
          <ns:method-name>setSyncFilterPreferHeader</ns:method-name>
          <ns:param-type>boolean</ns:param-type>
        </ns:setter>
        <ns:issetter>
          <ns:method-name>isSyncFilterPreferHeaderSet</ns:method-name>
        </ns:issetter>
        <ns:qname xmlns:idcs="http://xmlns.oracle.com/weblogic/security/idcs">idcs:sync-filter-prefer-header</ns:qname>
      </ns:qname-property>
      <ns:qname-property>
        <ns:xmlcomponent>t=string@http://www.w3.org/2001/XMLSchema</ns:xmlcomponent>
        <ns:javatype>java.lang.String</ns:javatype>
        <ns:getter>
          <ns:method-name>getSyncFilterUserHeaderNames</ns:method-name>
        </ns:getter>
        <ns:setter>
          <ns:method-name>setSyncFilterUserHeaderNames</ns:method-name>
          <ns:param-type>java.lang.String[]</ns:param-type>
        </ns:setter>
        <ns:issetter>
          <ns:method-name>isSyncFilterUserHeaderNamesSet</ns:method-name>
        </ns:issetter>
        <ns:collection>java.lang.String[]</ns:collection>
        <ns:qname xmlns:idcs="http://xmlns.oracle.com/weblogic/security/idcs">idcs:sync-filter-user-header-name</ns:qname>
        <ns:multiple>true</ns:multiple>
        <ns:nillable>true</ns:nillable>
      </ns:qname-property>
      <ns:qname-property>
        <ns:xmlcomponent>t=string@http://www.w3.org/2001/XMLSchema</ns:xmlcomponent>
        <ns:javatype>java.lang.String</ns:javatype>
        <ns:getter>
          <ns:method-name>getClientNameTokenClaim</ns:method-name>
        </ns:getter>
        <ns:setter>
          <ns:method-name>setClientNameTokenClaim</ns:method-name>
          <ns:param-type>java.lang.String</ns:param-type>
        </ns:setter>
        <ns:issetter>
          <ns:method-name>isClientNameTokenClaimSet</ns:method-name>
        </ns:issetter>
        <ns:qname xmlns:idcs="http://xmlns.oracle.com/weblogic/security/idcs">idcs:client-name-token-claim</ns:qname>
        <ns:nillable>true</ns:nillable>
      </ns:qname-property>
      <ns:qname-property>
        <ns:xmlcomponent>t=string@http://www.w3.org/2001/XMLSchema</ns:xmlcomponent>
        <ns:javatype>java.lang.String</ns:javatype>
        <ns:getter>
          <ns:method-name>getClientIDTokenClaim</ns:method-name>
        </ns:getter>
        <ns:setter>
          <ns:method-name>setClientIDTokenClaim</ns:method-name>
          <ns:param-type>java.lang.String</ns:param-type>
        </ns:setter>
        <ns:issetter>
          <ns:method-name>isClientIDTokenClaimSet</ns:method-name>
        </ns:issetter>
        <ns:qname xmlns:idcs="http://xmlns.oracle.com/weblogic/security/idcs">idcs:client-id-token-claim</ns:qname>
        <ns:nillable>true</ns:nillable>
      </ns:qname-property>
      <ns:qname-property>
        <ns:xmlcomponent>t=string@http://www.w3.org/2001/XMLSchema</ns:xmlcomponent>
        <ns:javatype>java.lang.String</ns:javatype>
        <ns:getter>
          <ns:method-name>getClientTenantTokenClaim</ns:method-name>
        </ns:getter>
        <ns:setter>
          <ns:method-name>setClientTenantTokenClaim</ns:method-name>
          <ns:param-type>java.lang.String</ns:param-type>
        </ns:setter>
        <ns:issetter>
          <ns:method-name>isClientTenantTokenClaimSet</ns:method-name>
        </ns:issetter>
        <ns:qname xmlns:idcs="http://xmlns.oracle.com/weblogic/security/idcs">idcs:client-tenant-token-claim</ns:qname>
        <ns:nillable>true</ns:nillable>
      </ns:qname-property>
      <ns:qname-property>
        <ns:xmlcomponent>t=string@http://www.w3.org/2001/XMLSchema</ns:xmlcomponent>
        <ns:javatype>java.lang.String</ns:javatype>
        <ns:getter>
          <ns:method-name>getResourceTenantTokenClaim</ns:method-name>
        </ns:getter>
        <ns:setter>
          <ns:method-name>setResourceTenantTokenClaim</ns:method-name>
          <ns:param-type>java.lang.String</ns:param-type>
        </ns:setter>
        <ns:issetter>
          <ns:method-name>isResourceTenantTokenClaimSet</ns:method-name>
        </ns:issetter>
        <ns:qname xmlns:idcs="http://xmlns.oracle.com/weblogic/security/idcs">idcs:resource-tenant-token-claim</ns:qname>
        <ns:nillable>true</ns:nillable>
      </ns:qname-property>
      <ns:qname-property>
        <ns:xmlcomponent>t=boolean@http://www.w3.org/2001/XMLSchema</ns:xmlcomponent>
        <ns:javatype>boolean</ns:javatype>
        <ns:getter>
          <ns:method-name>isAudienceEnabled</ns:method-name>
        </ns:getter>
        <ns:setter>
          <ns:method-name>setAudienceEnabled</ns:method-name>
          <ns:param-type>boolean</ns:param-type>
        </ns:setter>
        <ns:issetter>
          <ns:method-name>isAudienceEnabledSet</ns:method-name>
        </ns:issetter>
        <ns:qname xmlns:idcs="http://xmlns.oracle.com/weblogic/security/idcs">idcs:audience-enabled</ns:qname>
      </ns:qname-property>
      <ns:qname-property>
        <ns:xmlcomponent>t=boolean@http://www.w3.org/2001/XMLSchema</ns:xmlcomponent>
        <ns:javatype>boolean</ns:javatype>
        <ns:getter>
          <ns:method-name>isClientAsUserPrincipalEnabled</ns:method-name>
        </ns:getter>
        <ns:setter>
          <ns:method-name>setClientAsUserPrincipalEnabled</ns:method-name>
          <ns:param-type>boolean</ns:param-type>
        </ns:setter>
        <ns:issetter>
          <ns:method-name>isClientAsUserPrincipalEnabledSet</ns:method-name>
        </ns:issetter>
        <ns:qname xmlns:idcs="http://xmlns.oracle.com/weblogic/security/idcs">idcs:client-as-user-principal-enabled</ns:qname>
      </ns:qname-property>
      <ns:qname-property>
        <ns:xmlcomponent>t=int@http://www.w3.org/2001/XMLSchema</ns:xmlcomponent>
        <ns:javatype>java.lang.Integer</ns:javatype>
        <ns:getter>
          <ns:method-name>getTenantDataFlushInterval</ns:method-name>
        </ns:getter>
        <ns:setter>
          <ns:method-name>setTenantDataFlushInterval</ns:method-name>
          <ns:param-type>java.lang.Integer</ns:param-type>
        </ns:setter>
        <ns:issetter>
          <ns:method-name>isTenantDataFlushIntervalSet</ns:method-name>
        </ns:issetter>
        <ns:qname xmlns:idcs="http://xmlns.oracle.com/weblogic/security/idcs">idcs:tenant-data-flush-interval</ns:qname>
        <ns:nillable>true</ns:nillable>
      </ns:qname-property>
      <ns:qname-property>
        <ns:xmlcomponent>t=int@http://www.w3.org/2001/XMLSchema</ns:xmlcomponent>
        <ns:javatype>java.lang.Integer</ns:javatype>
        <ns:getter>
          <ns:method-name>getThreadLockTimeout</ns:method-name>
        </ns:getter>
        <ns:setter>
          <ns:method-name>setThreadLockTimeout</ns:method-name>
          <ns:param-type>java.lang.Integer</ns:param-type>
        </ns:setter>
        <ns:issetter>
          <ns:method-name>isThreadLockTimeoutSet</ns:method-name>
        </ns:issetter>
        <ns:qname xmlns:idcs="http://xmlns.oracle.com/weblogic/security/idcs">idcs:thread-lock-timeout</ns:qname>
        <ns:nillable>true</ns:nillable>
      </ns:qname-property>
      <ns:qname-property>
        <ns:xmlcomponent>t=boolean@http://www.w3.org/2001/XMLSchema</ns:xmlcomponent>
        <ns:javatype>boolean</ns:javatype>
        <ns:getter>
          <ns:method-name>isTenantDataReloadEnabled</ns:method-name>
        </ns:getter>
        <ns:setter>
          <ns:method-name>setTenantDataReloadEnabled</ns:method-name>
          <ns:param-type>boolean</ns:param-type>
        </ns:setter>
        <ns:issetter>
          <ns:method-name>isTenantDataReloadEnabledSet</ns:method-name>
        </ns:issetter>
        <ns:qname xmlns:idcs="http://xmlns.oracle.com/weblogic/security/idcs">idcs:tenant-data-reload-enabled</ns:qname>
      </ns:qname-property>
      <ns:qname-property>
        <ns:xmlcomponent>t=int@http://www.w3.org/2001/XMLSchema</ns:xmlcomponent>
        <ns:javatype>java.lang.Integer</ns:javatype>
        <ns:getter>
          <ns:method-name>getTenantDataReloadInterval</ns:method-name>
        </ns:getter>
        <ns:setter>
          <ns:method-name>setTenantDataReloadInterval</ns:method-name>
          <ns:param-type>java.lang.Integer</ns:param-type>
        </ns:setter>
        <ns:issetter>
          <ns:method-name>isTenantDataReloadIntervalSet</ns:method-name>
        </ns:issetter>
        <ns:qname xmlns:idcs="http://xmlns.oracle.com/weblogic/security/idcs">idcs:tenant-data-reload-interval</ns:qname>
        <ns:nillable>true</ns:nillable>
      </ns:qname-property>
      <ns:qname-property>
        <ns:xmlcomponent>t=string@http://www.w3.org/2001/XMLSchema</ns:xmlcomponent>
        <ns:javatype>java.lang.String</ns:javatype>
        <ns:getter>
          <ns:method-name>getKnownTenantPrefixList</ns:method-name>
        </ns:getter>
        <ns:setter>
          <ns:method-name>setKnownTenantPrefixList</ns:method-name>
          <ns:param-type>java.lang.String[]</ns:param-type>
        </ns:setter>
        <ns:issetter>
          <ns:method-name>isKnownTenantPrefixListSet</ns:method-name>
        </ns:issetter>
        <ns:collection>java.lang.String[]</ns:collection>
        <ns:qname xmlns:idcs="http://xmlns.oracle.com/weblogic/security/idcs">idcs:known-tenant-prefix</ns:qname>
        <ns:multiple>true</ns:multiple>
        <ns:nillable>true</ns:nillable>
      </ns:qname-property>
      <ns:qname-property>
        <ns:xmlcomponent>t=int@http://www.w3.org/2001/XMLSchema</ns:xmlcomponent>
        <ns:javatype>java.lang.Integer</ns:javatype>
        <ns:getter>
          <ns:method-name>getKnownTenantEmptyMetadataTTL</ns:method-name>
        </ns:getter>
        <ns:setter>
          <ns:method-name>setKnownTenantEmptyMetadataTTL</ns:method-name>
          <ns:param-type>java.lang.Integer</ns:param-type>
        </ns:setter>
        <ns:issetter>
          <ns:method-name>isKnownTenantEmptyMetadataTTLSet</ns:method-name>
        </ns:issetter>
        <ns:qname xmlns:idcs="http://xmlns.oracle.com/weblogic/security/idcs">idcs:known-tenant-empty-metadata-ttl</ns:qname>
        <ns:nillable>true</ns:nillable>
      </ns:qname-property>
      <ns:qname-property>
        <ns:xmlcomponent>t=int@http://www.w3.org/2001/XMLSchema</ns:xmlcomponent>
        <ns:javatype>java.lang.Integer</ns:javatype>
        <ns:getter>
          <ns:method-name>getUnknownTenantEmptyMetadataTTL</ns:method-name>
        </ns:getter>
        <ns:setter>
          <ns:method-name>setUnknownTenantEmptyMetadataTTL</ns:method-name>
          <ns:param-type>java.lang.Integer</ns:param-type>
        </ns:setter>
        <ns:issetter>
          <ns:method-name>isUnknownTenantEmptyMetadataTTLSet</ns:method-name>
        </ns:issetter>
        <ns:qname xmlns:idcs="http://xmlns.oracle.com/weblogic/security/idcs">idcs:unknown-tenant-empty-metadata-ttl</ns:qname>
        <ns:nillable>true</ns:nillable>
      </ns:qname-property>
      <ns:qname-property>
        <ns:xmlcomponent>t=string@http://www.w3.org/2001/XMLSchema</ns:xmlcomponent>
        <ns:javatype>java.lang.String</ns:javatype>
        <ns:getter>
          <ns:method-name>getClientSecretEncryptedAsString</ns:method-name>
        </ns:getter>
        <ns:setter>
          <ns:method-name>setClientSecretEncryptedAsString</ns:method-name>
          <ns:param-type>java.lang.String</ns:param-type>
        </ns:setter>
        <ns:issetter>
          <ns:method-name>isClientSecretEncryptedSet</ns:method-name>
        </ns:issetter>
        <ns:qname xmlns:idcs="http://xmlns.oracle.com/weblogic/security/idcs">idcs:client-secret-encrypted</ns:qname>
        <ns:nillable>true</ns:nillable>
      </ns:qname-property>
    </ns:binding-type>
    <ns:binding-type xsi:type="ns:simple-document-binding" xmlns:xsi="http://www.w3.org/2001/XMLSchema-instance">
      <ns:xmlcomponent>e=oracle-identity-cloud-integrator@http://xmlns.oracle.com/weblogic/security/idcs</ns:xmlcomponent>
      <ns:javatype>weblogic.security.providers.authentication.OracleIdentityCloudIntegratorMBeanImpl</ns:javatype>
      <ns:type-of-element>t=oracle-identity-cloud-integratorType@http://xmlns.oracle.com/weblogic/security/idcs</ns:type-of-element>
    </ns:binding-type>
  </ns:bindings>
  <ns:xml-to-pojo>
    <ns:mapping>
      <ns:xmlcomponent>t=oracle-identity-cloud-integratorType@http://xmlns.oracle.com/weblogic/security/idcs</ns:xmlcomponent>
      <ns:javatype>weblogic.security.providers.authentication.OracleIdentityCloudIntegratorMBeanImpl</ns:javatype>
    </ns:mapping>
    <ns:mapping>
      <ns:xmlcomponent>e=oracle-identity-cloud-integrator@http://xmlns.oracle.com/weblogic/security/idcs</ns:xmlcomponent>
      <ns:javatype>weblogic.security.providers.authentication.OracleIdentityCloudIntegratorMBeanImpl</ns:javatype>
    </ns:mapping>
  </ns:xml-to-pojo>
  <ns:xml-to-xmlobj/>
  <ns:java-to-xml>
    <ns:mapping>
      <ns:xmlcomponent>t=oracle-identity-cloud-integratorType@http://xmlns.oracle.com/weblogic/security/idcs</ns:xmlcomponent>
      <ns:javatype>weblogic.security.providers.authentication.OracleIdentityCloudIntegratorMBeanImpl</ns:javatype>
    </ns:mapping>
  </ns:java-to-xml>
  <ns:java-to-element>
    <ns:mapping>
      <ns:xmlcomponent>e=oracle-identity-cloud-integrator@http://xmlns.oracle.com/weblogic/security/idcs</ns:xmlcomponent>
      <ns:javatype>weblogic.security.providers.authentication.OracleIdentityCloudIntegratorMBeanImpl</ns:javatype>
    </ns:mapping>
  </ns:java-to-element>
</ns:binding-config>